SK_ID_PREV,SK_ID_CURR,NUM_INSTALMENT_VERSION,NUM_INSTALMENT_NUMBER,DAYS_INSTALMENT,DAYS_ENTRY_PAYMENT,AMT_INSTALMENT,AMT_PAYMENT
2652367,232137,0.0,18,-2398.0,-2403.0,4500.0,4500.0
1845882,167969,1.0,14,-136.0,-140.0,8043.48,8043.48
2430317,105881,1.0,15,-120.0,-120.0,48222.855,48222.855
1052426,170461,1.0,7,-1083.0,-1090.0,11721.735,11721.735
2148550,265570,0.0,47,-1125.0,-1128.0,7875.0,7875.0
1576797,351755,1.0,10,-702.0,-700.0,9994.455,8850.6
1956223,315408,1.0,10,-2267.0,-2263.0,12371.805,12356.55
1396186,244627,1.0,3,-752.0,-755.0,14588.91,14588.91
2426282,296187,1.0,10,-1253.0,-1256.0,2498.94,2498.94
1017530,420419,0.0,8,-140.0,-140.0,855.585,855.585
2837692,365911,0.0,1,-294.0,-294.0,45000.0,45000.0
1956039,380916,0.0,82,-1142.0,-1142.0,22.185,22.185
2102435,267444,2.0,5,-1697.0,-1709.0,16400.115,16400.115
2261128,289361,1.0,11,-1213.0,-1216.0,5662.305,5662.305
2206388,124454,1.0,2,-492.0,-522.0,18606.555,18606.555
2300703,249583,1.0,4,-293.0,-351.0,7578.9,7578.9
1133161,336620,0.0,66,-671.0,-668.0,5625.0,5625.0
1396585,276332,1.0,1,-1394.0,-1400.0,17914.86,17914.86
1545490,287406,1.0,2,-1138.0,-1145.0,31616.955,31616.955
1995080,245430,0.0,63,-542.0,-558.0,15073.56,15073.56
1077513,398594,1.0,1,-850.0,-880.0,17713.125,17713.125
2230226,292850,1.0,1,-2626.0,-2632.0,20056.545,20056.545
1557336,344213,1.0,2,-1576.0,-1616.0,9768.87,9768.87
1492833,385374,1.0,12,-1867.0,-1867.0,3959.28,3959.28
2399875,157138,1.0,9,-1402.0,-1408.0,7918.2,7918.2
1364340,319964,1.0,4,-261.0,-286.0,6106.95,6106.95
1861102,111629,5.0,20,-255.0,-248.0,8667.0,4005.0
1870491,378572,0.0,86,-1243.0,-1243.0,2250.0,2250.0
2391619,153109,0.0,58,-677.0,-707.0,1776.51,1776.51
1693545,311286,1.0,7,-1116.0,-1157.0,1888.335,1888.335
1390644,360913,1.0,4,-2469.0,-2479.0,13334.67,13334.67
2784951,190559,1.0,6,-436.0,-463.0,26496.72,26496.72
1770283,148701,1.0,5,-1959.0,-1969.0,3168.45,3168.45
2817731,306808,1.0,5,-59.0,-63.0,24772.14,24772.14
1176763,288574,1.0,1,-2647.0,-2659.0,4679.55,4679.55
1327609,435372,1.0,25,-1760.0,-1887.0,2454.435,2454.435
1263251,295004,1.0,4,-844.0,-856.0,5444.235,5444.235
1803385,189352,0.0,45,-2183.0,-2183.0,510.57,510.57
2426957,200697,0.0,85,-332.0,-332.0,765.945,765.945
1386410,416602,0.0,67,-988.0,-1000.0,3375.0,3375.0
2391311,245975,2.0,6,-526.0,-544.0,134773.875,134773.875
2409257,194232,1.0,5,-949.0,-967.0,21870.18,21870.18
2317399,248924,1.0,6,-1663.0,-1673.0,9805.77,9805.77
1980780,437603,1.0,2,-435.0,-457.0,19978.425,636.3
2249182,364592,1.0,8,-2290.0,-2274.0,5756.175,5756.175
2594294,299082,1.0,4,-2051.0,-2060.0,2446.11,2446.11
2024082,247588,0.0,73,-1326.0,-1326.0,13500.0,13500.0
1491089,194699,1.0,6,-2822.0,-2884.0,2326.275,2326.275
1639725,119243,1.0,1,-660.0,-675.0,18330.615,18330.615
2817667,140782,0.0,114,-482.0,-482.0,1307.025,1307.025
2167822,246488,1.0,7,-2260.0,-2266.0,6359.94,6359.94
2545968,187538,1.0,3,-330.0,-339.0,28438.38,28438.38
1378298,310132,0.0,21,-348.0,-348.0,9288.765,9288.765
1487300,245932,0.0,37,-2090.0,-2090.0,514.125,514.125
1255704,364518,3.0,18,-297.0,-303.0,6875.37,6875.37
2762038,165700,0.0,31,-2531.0,-2538.0,165.555,165.555
1028461,102519,1.0,5,-15.0,-31.0,13945.68,13945.68
1156051,281583,1.0,2,-1222.0,-1225.0,13999.815,13999.815
1270781,189305,0.0,45,-1876.0,-1876.0,2250.0,2250.0
2152929,295134,0.0,25,-234.0,-247.0,19701.405,5188.905
1165622,137401,1.0,21,-279.0,-281.0,39090.465,39090.465
1053744,383006,0.0,124,-104.0,-104.0,90.225,90.225
1800898,445911,1.0,7,-51.0,-60.0,15717.87,15717.87
2199315,277109,2.0,1,-644.0,-646.0,61751.025,61751.025
2116647,142214,0.0,81,-1427.0,-1427.0,4500.0,4500.0
1413008,392765,1.0,7,-1549.0,-1558.0,7437.375,6844.5
2328393,441347,1.0,3,-1408.0,-1406.0,10080.18,10080.18
2162751,153560,1.0,5,-1886.0,-1886.0,22243.59,22243.59
1989602,436743,10.0,6,-606.0,-617.0,29409.48,45000.0
1912673,340195,0.0,6,-2726.0,-2737.0,6750.0,6750.0
2584694,187049,1.0,11,-358.0,-362.0,6154.92,6154.92
1798095,331390,0.0,42,-2018.0,-2027.0,5625.0,5625.0
1157488,124204,1.0,4,-2348.0,-2355.0,14305.275,14234.085
1219403,318511,1.0,11,-401.0,-403.0,9356.805,9356.805
2099201,289249,1.0,7,-315.0,-317.0,39096.855,39096.855
2181018,139030,0.0,25,-283.0,-286.0,13838.58,13838.58
2741894,152714,0.0,82,-528.0,-524.0,6750.0,6750.0
2323478,418081,0.0,202,-71.0,-71.0,3600.0,3600.0
2162672,441523,0.0,25,-2064.0,-2074.0,9000.0,8775.0
1691183,189719,0.0,89,-55.0,-55.0,256.905,256.905
1728113,423980,1.0,17,-381.0,-406.0,34303.545,34303.545
2357672,299271,1.0,11,-302.0,-311.0,6771.105,6771.105
2445055,125562,1.0,32,-738.0,-765.0,11420.82,11420.82
1354888,395560,1.0,3,-536.0,-566.0,28742.67,28742.67
1535457,371778,0.0,53,-858.0,-858.0,391.185,391.185
2016150,269010,1.0,2,-2013.0,-2020.0,5496.93,5496.93
1360178,334283,3.0,7,-59.0,-202.0,4682.925,4682.925
1688207,455436,0.0,18,-2443.0,-2461.0,4500.0,4500.0
2809647,349034,1.0,2,-2445.0,-2445.0,2807.685,2807.685
1865006,389352,1.0,17,-1628.0,-1657.0,8074.08,164.475
2502678,281122,1.0,3,-1092.0,-1106.0,68903.01,68903.01
2126511,386083,1.0,6,-360.0,-389.0,33021.585,2562.075
2700932,455803,1.0,16,-295.0,-297.0,20269.125,20269.125
1590921,455196,1.0,4,-181.0,-194.0,17699.985,17699.985
1645550,146277,0.0,3,-2616.0,-2616.0,2250.0,2250.0
2450433,128471,1.0,1,-1044.0,-1064.0,3339.27,3339.27
1375518,121388,1.0,9,-1561.0,-1565.0,9172.71,9172.71
1338982,173366,1.0,8,-183.0,-196.0,10404.63,10404.63
2256533,328499,1.0,2,-2606.0,-2611.0,13404.15,13404.15
2016783,106870,1.0,6,-190.0,-191.0,47212.2,47212.2
2096465,310956,1.0,3,-2486.0,-2450.0,3004.695,6.66
1645532,164651,0.0,10,-2004.0,-2016.0,6750.0,6750.0
1450536,403046,1.0,4,-1617.0,-1617.0,4605.03,4605.03
1251103,217282,1.0,6,-980.0,-1010.0,63481.05,63481.05
1193527,264360,1.0,4,-50.0,-85.0,7312.635,7312.635
1752660,219478,2.0,6,-694.0,-695.0,10732.5,10732.5
2109123,144919,0.0,21,-194.0,-194.0,35.01,35.01
1239485,345989,1.0,35,-155.0,-158.0,27574.47,27574.47
1369277,377466,1.0,5,-395.0,-410.0,5165.595,5165.595
1712165,339709,1.0,2,-1398.0,-1407.0,19055.475,19055.475
2354070,360442,3.0,36,-50.0,-59.0,26608.5,26608.5
1395109,228913,2.0,11,-360.0,-357.0,46345.32,42100.02
2083074,356444,0.0,93,-1478.0,-1484.0,7875.0,7875.0
1382867,413306,1.0,6,-320.0,-344.0,24097.41,676.215
2224957,338211,1.0,5,-2341.0,-2344.0,13913.91,13913.91
1326756,288774,1.0,3,-1946.0,-1947.0,22419.585,22419.585
1134881,437643,2.0,1,-169.0,-175.0,4747.095,27000.0
1081770,283408,1.0,12,-224.0,-243.0,17298.225,17298.225
1769439,372581,1.0,2,-2037.0,-2077.0,7724.205,7724.205
1916105,370331,0.0,55,-188.0,-193.0,8812.53,8812.53
1448490,309246,0.0,27,-2079.0,-2096.0,3375.0,3375.0
1923177,144971,0.0,118,-288.0,-288.0,807.03,807.03
2521878,210707,2.0,1,-676.0,-687.0,8219.385,22500.0
1176972,442452,2.0,5,-959.0,-965.0,40703.715,40703.715
1488680,338146,1.0,6,-1200.0,-1209.0,5349.24,5349.24
2233640,109477,2.0,15,-766.0,-771.0,11894.715,11894.715
1054637,196471,0.0,106,-238.0,-234.0,2250.0,2250.0
2027435,209610,1.0,3,-616.0,-618.0,53174.88,53174.88
2074972,284807,1.0,7,-58.0,-68.0,12725.235,12725.235
2754824,163727,3.0,11,-263.0,-274.0,4758.525,4758.525
1822113,362663,0.0,26,-73.0,-73.0,2506.455,2506.455
1374166,213499,1.0,5,-1444.0,-1461.0,24712.47,427.995
2467444,152524,1.0,4,-1180.0,-1191.0,26627.04,26627.04
1876638,263995,0.0,13,-2709.0,-2699.0,5400.0,5400.0
2478085,105695,1.0,2,-1271.0,-1330.0,5283.0,5283.0
1206037,174651,1.0,6,-1461.0,-1475.0,3295.62,3295.62
2313307,135604,1.0,16,-29.0,-47.0,11340.225,11340.225
2403845,384665,1.0,2,-619.0,-627.0,11352.6,11352.6
2477598,212975,1.0,4,-814.0,-814.0,56741.13,56741.13
1685273,302694,1.0,19,-1026.0,-1025.0,13264.155,13264.155
2678535,371731,0.0,86,-885.0,-885.0,422.1,422.1
2594574,272413,0.0,30,-41.0,-41.0,6758.055,6758.055
1642518,294974,1.0,15,-2012.0,-2012.0,7942.995,7942.995
2261276,267257,1.0,2,-46.0,-66.0,16545.69,16545.69
2813388,201719,1.0,2,-2639.0,-2650.0,6623.055,6623.055
1604948,138280,1.0,8,-2490.0,-2512.0,8610.12,8610.12
2344550,227736,0.0,32,-921.0,-924.0,10298.34,10298.34
1320545,348161,1.0,4,-890.0,-900.0,11720.07,11720.07
2271686,386650,0.0,78,-1570.0,-1577.0,3375.0,3375.0
1193805,112260,0.0,5,-2887.0,-2900.0,3375.0,3318.885
2682497,325262,1.0,6,-484.0,-484.0,11344.77,11344.77
1768443,160525,0.0,20,-42.0,-42.0,48.87,48.87
1870520,452057,1.0,10,-633.0,-647.0,12838.455,12838.455
1188234,173118,1.0,3,-863.0,-883.0,28873.17,28873.17
2106251,294535,1.0,34,-55.0,-56.0,47350.935,47350.935
1513419,272869,1.0,2,-2133.0,-2135.0,12908.295,12908.295
1238100,341534,0.0,32,-2503.0,-2503.0,450.0,450.0
2391605,308239,0.0,6,-2761.0,-2776.0,9000.0,6750.0
2522950,388937,0.0,18,-1515.0,-1515.0,4500.0,4500.0
2391620,152181,0.0,40,-388.0,-388.0,158582.745,158582.745
1255578,194357,1.0,1,-892.0,-903.0,40604.04,40604.04
2299661,364907,0.0,59,-872.0,-872.0,192.51,192.51
1007552,407471,0.0,1,-781.0,-795.0,2250.0,2250.0
1387443,103073,1.0,25,-16.0,-18.0,44923.77,44923.77
1027307,233769,1.0,3,-1509.0,-1489.0,5625.36,0.225
1735754,424550,0.0,4,-587.0,-598.0,3888.135,3888.135
1396363,257755,1.0,21,-773.0,-784.0,19025.1,19025.1
1260414,396620,1.0,5,-654.0,-655.0,4499.685,4499.685
2510230,349882,1.0,14,-586.0,-587.0,52601.445,52601.445
2476020,188201,1.0,9,-150.0,-169.0,9595.8,9595.8
1087819,386973,1.0,17,-1280.0,-1299.0,17651.52,17651.52
2189403,375141,1.0,8,-2368.0,-2395.0,4649.535,4649.535
1010091,165456,1.0,2,-1040.0,-1080.0,12178.125,12178.125
1467793,159950,1.0,8,-1324.0,-1342.0,27762.21,27762.21
2831645,387932,1.0,9,-870.0,-871.0,25857.0,25857.0
1994152,424152,1.0,6,-1879.0,-1912.0,6153.75,4.5
1752090,372997,1.0,2,-1911.0,-1942.0,21200.535,21200.535
1793595,410177,1.0,4,-2426.0,-2431.0,2868.345,2868.345
2029147,454028,1.0,32,-850.0,-842.0,6851.835,6723.72
2458606,387188,1.0,8,-75.0,-75.0,8023.725,8023.725
1473726,316903,3.0,24,-279.0,-281.0,12404.475,12404.475
1334454,430023,1.0,6,-2516.0,-2520.0,2798.01,2798.01
1589350,117059,1.0,12,-104.0,-112.0,15002.55,15002.55
2512427,256063,1.0,7,-637.0,-655.0,26191.395,26191.395
2705871,448265,1.0,9,-168.0,-168.0,14821.335,14821.335
2056812,167501,0.0,23,-2229.0,-2233.0,13500.0,13500.0
1369296,304467,0.0,40,-2085.0,-2085.0,2250.0,2250.0
1316238,435539,1.0,9,-1856.0,-1858.0,15623.46,15623.46
1565957,264286,1.0,2,-490.0,-502.0,11499.435,11497.815
1627348,231361,0.0,8,-747.0,-747.0,111.465,111.465
2144413,221509,1.0,2,-642.0,-658.0,21061.98,21061.98
1626516,141775,0.0,75,-1306.0,-1306.0,257.985,257.985
1568975,424451,1.0,9,-1628.0,-1648.0,5457.51,5457.51
1338330,358502,2.0,7,-564.0,-593.0,275.94,4736.52
2001362,379195,1.0,3,-1031.0,-1039.0,6039.135,6039.135
1830458,189837,0.0,11,-141.0,-158.0,4955.13,4955.13
1531338,235981,0.0,13,-1989.0,-2018.0,67.5,67.5
1985305,156247,1.0,1,-1059.0,-1063.0,4646.07,4646.07
1468217,219781,6.0,5,-147.0,-147.0,53302.365,81000.0
1259902,387811,0.0,10,-535.0,-535.0,234.225,234.225
2048318,134772,1.0,2,-1562.0,-1577.0,35399.88,35399.88
1034662,127814,1.0,11,-1980.0,-1978.0,10332.18,9930.735
2553077,243175,1.0,6,-225.0,-238.0,9285.615,9285.615
2480145,209744,1.0,1,-539.0,-551.0,9583.875,9583.875
1027769,118453,1.0,11,-1162.0,-1166.0,7029.9,7029.9
2208156,209554,0.0,49,-1055.0,-1055.0,342.54,342.54
1830062,395968,1.0,6,-684.0,-688.0,14935.005,14935.005
2583267,370327,0.0,89,-1112.0,-1112.0,7.02,7.02
1054779,397771,1.0,3,-351.0,-361.0,10165.86,10165.86
2138432,200041,0.0,9,-1796.0,-1796.0,9000.0,9000.0
2257114,342768,1.0,1,-2787.0,-2787.0,5279.355,5279.355
1532440,445922,0.0,26,-158.0,-158.0,266.58,266.58
2437029,144101,1.0,17,-1169.0,-1172.0,3903.345,3903.345
2446478,146948,2.0,8,-236.0,-238.0,108923.94,108923.94
1036255,153648,1.0,5,-464.0,-478.0,7066.17,7066.17
1493025,316341,0.0,17,-2070.0,-2073.0,4500.0,2250.0
1500168,353860,1.0,6,-1366.0,-1365.0,56087.865,56087.865
2404419,319962,1.0,12,-1541.0,-1555.0,13190.985,13190.985
1870984,366675,1.0,1,-1157.0,-1187.0,28873.17,28873.17
1256583,399508,1.0,3,-779.0,-795.0,8722.845,8722.845
2094957,391838,0.0,3,-968.0,-975.0,12479.76,12479.76
2814521,226583,0.0,51,-200.0,-200.0,887.58,887.58
1088206,258504,2.0,7,-132.0,-137.0,68771.295,68771.295
2394927,129377,1.0,14,-489.0,-486.0,16822.44,16638.075
2496685,194520,2.0,4,-1008.0,-1049.0,12047.625,12047.625
2704215,111723,1.0,3,-1896.0,-1914.0,6802.695,6802.695
1683284,431828,0.0,100,-985.0,-985.0,156.78,156.78
2517402,361580,1.0,4,-2026.0,-2026.0,4584.195,4584.195
2050382,140576,1.0,21,-247.0,-277.0,72824.985,72824.985
2023950,309490,1.0,9,-216.0,-223.0,34955.775,34955.775
1232127,168029,0.0,64,-1604.0,-1633.0,67.5,67.5
1459524,236024,1.0,11,-191.0,-209.0,12546.495,12546.495
2085776,169222,3.0,5,-53.0,-56.0,18534.825,18534.825
1691039,213935,1.0,2,-820.0,-834.0,7787.655,7787.655
1113216,145608,1.0,18,-1818.0,-1818.0,19681.965,19681.965
2632957,142122,1.0,10,-1975.0,-2012.0,8478.0,8478.0
2246394,217744,0.0,82,-867.0,-867.0,400.32,400.32
2403600,347881,0.0,37,-546.0,-546.0,165.87,165.87
1295423,217214,1.0,3,-80.0,-125.0,15322.05,15322.05
1762647,290350,1.0,1,-1219.0,-1230.0,6204.825,6204.825
2836466,180501,1.0,6,-1338.0,-1342.0,21827.52,21827.52
1698034,380734,0.0,50,-2129.0,-2129.0,3128.805,3128.805
1998987,262202,1.0,4,-737.0,-739.0,63546.03,63546.03
1597777,144809,1.0,5,-1614.0,-1628.0,12708.405,12708.405
1578078,273935,1.0,3,-2248.0,-2242.0,3611.07,3611.07
2462890,417822,1.0,3,-2363.0,-2379.0,6506.595,6506.595
1614737,302508,1.0,49,-1082.0,-1085.0,9982.44,9982.44
2181705,348530,0.0,19,-823.0,-823.0,849.15,849.15
2842797,225343,0.0,3,-439.0,-439.0,335.385,335.385
1004647,140940,0.0,51,-1275.0,-1280.0,5625.0,5625.0
1922925,167966,1.0,42,-241.0,-259.0,14874.48,14874.48
1132090,365417,1.0,11,-459.0,-562.0,2300.715,2300.715
1671635,266679,1.0,11,-1609.0,-1620.0,1523.88,1523.88
2504522,101491,0.0,12,-387.0,-394.0,2250.0,2250.0
1773808,433110,0.0,67,-819.0,-819.0,1524.195,1524.195
2482708,193219,1.0,9,-241.0,-244.0,10763.685,10763.685
2631923,212135,1.0,9,-854.0,-858.0,10258.2,10258.2
1406897,396915,0.0,65,-649.0,-649.0,378.405,378.405
1545333,246849,1.0,6,-2382.0,-2398.0,2331.135,2331.135
2162449,129839,0.0,20,-257.0,-257.0,6750.0,6750.0
1725802,357481,0.0,76,-1130.0,-1130.0,725.13,725.13
1898583,103256,2.0,5,-636.0,-653.0,19281.96,19281.96
2408874,370643,1.0,6,-167.0,-168.0,55809.855,55809.855
2760144,446159,1.0,1,-460.0,-476.0,89928.0,89928.0
1230710,157745,0.0,15,-257.0,-257.0,2.52,2.52
1134749,110881,1.0,5,-2361.0,-2376.0,14947.515,14947.515
2303999,295730,1.0,3,-298.0,-332.0,5918.94,5918.94
1613389,104038,0.0,60,-1487.0,-1487.0,9000.0,9000.0
1640146,267327,0.0,23,-2582.0,-2582.0,5625.0,5625.0
1489644,163643,1.0,7,-1003.0,-1022.0,10666.35,10666.35
1181405,276352,0.0,34,-252.0,-252.0,26412.255,26412.255
2116644,399369,0.0,4,-2643.0,-2653.0,5625.0,5625.0
1954014,353670,1.0,6,-1319.0,-1319.0,10810.8,10810.8
1234196,439489,1.0,4,-1070.0,-1099.0,3754.35,3754.35
2196513,424300,1.0,8,-2278.0,-2252.0,10086.3,148.275
1029712,227831,1.0,5,-1598.0,-1614.0,6784.425,6784.425
1322862,123813,0.0,92,-517.0,-517.0,27000.0,27000.0
1535287,188010,2.0,16,-320.0,-326.0,6511.365,2529.315
1415049,400329,0.0,3,-2821.0,-2833.0,3375.0,3375.0
2599944,410836,1.0,8,-2356.0,-2363.0,1796.49,1796.49
1973682,322932,1.0,2,-2749.0,-2749.0,8472.645,8472.645
1954242,189783,1.0,10,-2214.0,-2215.0,9611.505,9611.505
1277528,392873,1.0,6,-1109.0,-1112.0,4300.065,4300.065
2204644,337735,1.0,2,-2115.0,-2145.0,5754.78,5754.78
1769158,224801,0.0,97,-853.0,-853.0,2.115,2.115
1546595,399428,1.0,7,-1954.0,-1960.0,5072.715,5072.715
1158245,261121,1.0,16,-592.0,-595.0,8935.38,8935.38
2698448,190632,1.0,7,-200.0,-213.0,5987.925,5987.925
1528863,356559,3.0,4,-532.0,-542.0,63787.5,63787.5
1639230,358635,1.0,6,-1089.0,-1092.0,41699.385,41699.385
2564460,332650,0.0,23,-2810.0,-2818.0,8100.0,8100.0
2234747,268295,1.0,1,-1099.0,-1126.0,13158.0,13158.0
2696251,240570,0.0,36,-30.0,-48.0,18402.39,12195.9
1735541,270014,0.0,50,-1699.0,-1699.0,3375.0,3375.0
1746945,149212,1.0,8,-999.0,-1009.0,13155.75,13155.75
1151257,186929,1.0,9,-2452.0,-2457.0,5653.305,5653.305
1710403,298708,0.0,29,-1700.0,-1709.0,6750.0,6750.0
2013562,185448,1.0,19,-867.0,-880.0,11609.55,11609.55
1078945,121449,0.0,14,-127.0,-127.0,70.56,70.56
1643313,297202,1.0,4,-277.0,-286.0,17902.575,17902.575
1544521,294013,0.0,55,-9.0,-9.0,70.695,70.695
1645526,182837,0.0,97,-577.0,-577.0,64.575,64.575
1832557,285656,1.0,8,-1205.0,-1233.0,6875.325,6875.325
1535248,260257,0.0,14,-97.0,-105.0,20385.99,20385.99
1312843,319441,1.0,11,-379.0,-417.0,8500.95,1891.98
1915676,373256,1.0,3,-1657.0,-1681.0,14178.33,14.265
1748136,196978,1.0,1,-550.0,-559.0,13551.255,13551.255
1830458,189837,0.0,19,-49.0,-46.0,6224.22,6224.22
1664665,341373,1.0,10,-2452.0,-2457.0,12496.815,12496.815
1330331,225179,1.0,1,-2502.0,-2520.0,4285.125,4285.125
1823985,157035,0.0,76,-1500.0,-1163.0,4.005,4.005
2045713,409323,1.0,5,-1862.0,-1863.0,5580.405,5580.405
1421063,437201,1.0,1,-2439.0,-2445.0,4310.91,4310.91
2266213,154431,0.0,88,-99.0,-99.0,9000.0,9000.0
1129135,178386,1.0,4,-767.0,-788.0,18235.08,18235.08
1259884,184865,1.0,10,-812.0,-811.0,15030.45,15030.45
1356261,101793,1.0,12,-1769.0,-1769.0,12149.505,12149.505
1317378,311402,1.0,5,-2394.0,-2405.0,7926.705,7926.705
1259583,429084,1.0,2,-2239.0,-2288.0,10981.89,1.215
1281914,403863,1.0,10,-66.0,-72.0,11401.335,11401.335
2843364,148262,1.0,6,-273.0,-276.0,9226.485,9226.485
1331386,365643,1.0,3,-1639.0,-1640.0,10866.915,10866.915
2139022,144449,1.0,7,-194.0,-207.0,9099.09,9099.09
1689907,371092,1.0,10,-1051.0,-1059.0,22104.9,22104.9
2705732,120112,0.0,2,-537.0,-537.0,2250.0,2250.0
1424858,116478,2.0,9,-403.0,-419.0,359955.09,359955.09
1079361,126779,1.0,11,-638.0,-640.0,6933.6,6933.6
1673259,128281,1.0,8,-665.0,-679.0,10542.555,10542.555
1921886,417802,1.0,14,-452.0,-471.0,11211.345,11211.345
1948798,405696,0.0,23,-83.0,-83.0,2380.005,2380.005
1077627,174031,1.0,7,-105.0,-103.0,49168.935,48305.295
1419384,312646,0.0,43,-2285.0,-2285.0,1125.0,1125.0
2411206,177839,0.0,5,-221.0,-221.0,4500.0,4500.0
1952513,148136,1.0,2,-2418.0,-2422.0,4706.775,4706.775
2188690,265120,0.0,17,-289.0,-289.0,185.265,185.265
1793012,180206,0.0,29,-395.0,-405.0,15908.535,15908.535
2741088,207128,1.0,6,-49.0,-60.0,13310.775,13310.775
2356160,118343,0.0,66,-1686.0,-1686.0,1097.505,1097.505
2258034,400214,0.0,51,-1264.0,-1274.0,7875.0,7875.0
2270994,313660,0.0,66,-990.0,-1002.0,3375.0,3375.0
1308323,191942,1.0,4,-1446.0,-1460.0,8220.51,8220.51
1060241,265789,0.0,39,-1791.0,-1800.0,4500.0,4500.0
2316179,323591,2.0,7,-235.0,-241.0,5914.035,5914.035
1711580,293893,1.0,3,-889.0,-892.0,30332.295,30332.295
2463628,129509,0.0,6,-2716.0,-2725.0,5625.0,5625.0
2749545,205052,1.0,11,-1054.0,-1082.0,10932.255,227.61
1417363,174488,0.0,3,-1437.0,-1437.0,2025.0,2025.0
2653150,370844,1.0,10,-480.0,-479.0,30867.795,30867.795
2357527,396054,0.0,44,-1822.0,-1822.0,109.8,109.8
1496966,105713,0.0,88,-1353.0,-1359.0,4500.0,4500.0
2438041,448156,1.0,4,-229.0,-266.0,11691.63,11691.63
2084983,337617,1.0,6,-2665.0,-2713.0,7059.78,7059.78
2104749,275614,0.0,11,-482.0,-494.0,2250.0,2250.0
2479777,191942,1.0,13,-382.0,-393.0,10061.91,10061.91
1061569,382449,0.0,64,-2074.0,-2081.0,4050.0,4050.0
2069738,345250,0.0,2,-2553.0,-2553.0,11250.0,11250.0
2619418,422289,1.0,12,-1381.0,-1396.0,3554.055,3554.055
1519643,129994,0.0,64,-1266.0,-1266.0,3338.415,3338.415
1100300,413098,0.0,18,-1893.0,-1898.0,9000.0,9000.0
1425705,132921,1.0,4,-2782.0,-2782.0,1711.98,1711.98
1229754,387020,0.0,16,-2646.0,-2646.0,4500.0,4500.0
1922855,202901,1.0,2,-690.0,-718.0,3839.13,716.58
1307139,125838,0.0,37,-429.0,-429.0,2.745,2.745
1745141,349807,0.0,43,-2006.0,-2006.0,900.0,900.0
2083085,324894,0.0,80,-332.0,-332.0,11621.565,11621.565
1237769,160847,0.0,30,-2170.0,-2175.0,3375.0,3375.0
1966492,320502,1.0,4,-401.0,-413.0,8417.025,8417.025
1231863,165945,1.0,7,-1780.0,-1774.0,7796.835,7796.835
1640142,122485,0.0,64,-1025.0,-1025.0,32.22,32.22
2392815,356739,7.0,22,-207.0,-209.0,22575.465,22575.465
1873188,336802,1.0,1,-555.0,-563.0,13013.955,13013.955
2778650,297851,0.0,13,-85.0,-91.0,8024.985,8024.985
2633026,100743,1.0,17,-291.0,-315.0,6804.0,6804.0
2495145,346655,1.0,3,-978.0,-978.0,8772.255,8772.255
1869997,202537,1.0,9,-56.0,-61.0,17002.575,17002.575
2079514,119284,1.0,7,-713.0,-712.0,15221.25,15221.25
1082634,358193,0.0,23,-877.0,-877.0,3029.4,3029.4
1110374,279314,0.0,9,-592.0,-589.0,6916.725,6916.725
2287433,444859,1.0,6,-318.0,-336.0,56076.705,56076.705
2366233,374676,1.0,6,-38.0,-44.0,7654.68,7654.68
1550090,432775,1.0,21,-445.0,-460.0,30205.35,1409.535
2478779,406139,0.0,63,-2073.0,-2090.0,3375.0,3375.0
2366867,263815,2.0,9,-287.0,-298.0,7631.28,7631.28
2715774,119259,1.0,6,-2368.0,-2386.0,2788.56,2788.56
2588347,203880,1.0,7,-1488.0,-1503.0,8538.165,8538.165
1025934,254532,3.0,4,-263.0,-295.0,19709.28,631.44
2774528,235346,1.0,2,-384.0,-393.0,24113.25,24113.25
1075894,412729,3.0,6,-229.0,-273.0,4613.535,577.98
1767738,387019,0.0,44,-1811.0,-1811.0,254.475,254.475
2522066,209247,1.0,11,-741.0,-752.0,3351.69,3351.69
1208501,310157,0.0,92,-369.0,-369.0,231.12,231.12
1159581,104962,1.0,1,-523.0,-523.0,23366.205,23366.205
1258637,322922,0.0,43,-606.0,-604.0,17110.575,17110.575
1189412,431552,1.0,15,-2236.0,-2247.0,13776.21,13776.21
2238435,169866,3.0,17,-146.0,-161.0,16046.595,16046.595
2137355,347818,0.0,19,-1909.0,-1910.0,3375.0,3375.0
2751505,287798,1.0,1,-553.0,-555.0,10618.875,10618.875
1004353,421208,1.0,7,-1592.0,-1590.0,4949.325,4949.325
1391063,183584,0.0,21,-853.0,-861.0,4395.24,4395.24
1977978,267804,1.0,3,-150.0,-153.0,3813.21,3813.21
1931116,438325,4.0,20,-120.0,-132.0,14517.135,14517.135
1963993,288096,1.0,17,-333.0,-337.0,16373.43,16373.43
1683832,363905,1.0,5,-307.0,-320.0,11487.51,11487.51
2668570,250253,1.0,1,-1826.0,-1830.0,3371.625,3371.625
2558569,230081,1.0,4,-1909.0,-1934.0,3517.065,3517.065
2633761,252318,1.0,1,-550.0,-580.0,6347.475,6347.475
1659479,239632,1.0,16,-470.0,-484.0,41044.95,3236.625
1362626,317539,1.0,4,-1289.0,-1300.0,11550.24,11550.24
2540021,232848,0.0,13,-16.0,-15.0,20285.64,20285.64
1599793,432258,1.0,2,-784.0,-799.0,8663.31,8663.31
2662143,146104,1.0,1,-1653.0,-1661.0,10868.535,10868.535
1919884,252076,0.0,54,-2053.0,-2053.0,139.005,139.005
2537990,386204,1.0,6,-604.0,-632.0,16722.855,1024.2
1767954,154703,1.0,18,-570.0,-577.0,6446.205,7864.515
1026883,429225,1.0,12,-479.0,-487.0,12072.78,12072.78
1105924,202459,1.0,27,-282.0,-289.0,18000.945,18000.945
2619064,152241,1.0,1,-1394.0,-1406.0,11387.61,11387.61
2827317,204419,1.0,3,-1871.0,-1879.0,4478.265,4478.265
1855639,225772,1.0,14,-306.0,-424.0,5392.8,5392.8
1899405,276017,0.0,18,-315.0,-319.0,10494.225,10494.225
2067046,164718,1.0,5,-206.0,-206.0,57038.175,57038.175
2172376,375413,1.0,8,-132.0,-140.0,47624.175,47624.175
2305684,231573,0.0,69,-979.0,-979.0,319.815,319.815
1208176,175912,1.0,11,-569.0,-584.0,20969.1,20969.1
1314102,395031,1.0,3,-210.0,-232.0,9272.565,9272.565
1107245,155919,0.0,44,-184.0,-184.0,1008.855,1008.855
1803083,145126,1.0,6,-610.0,-619.0,4624.245,4624.245
2037034,125034,2.0,1,-651.0,-655.0,21839.625,21839.625
1664251,408563,1.0,6,-2354.0,-2361.0,14327.28,14327.28
2145496,204118,1.0,3,-356.0,-353.0,58457.835,56712.78
1207833,179218,1.0,5,-2435.0,-2430.0,8570.475,8570.025
1610898,378761,0.0,18,-192.0,-192.0,377.595,377.595
1420931,131070,1.0,11,-451.0,-463.0,12695.175,12695.175
2820981,408960,1.0,10,-602.0,-603.0,13232.34,13232.34
1141555,388747,2.0,9,-1429.0,-1441.0,20516.985,20516.985
1266789,107296,3.0,8,-424.0,-432.0,5462.64,5462.64
2371489,274851,1.0,20,-630.0,-623.0,9765.99,8588.43
2842605,307905,1.0,2,-408.0,-406.0,18235.08,18231.66
1202297,156777,1.0,6,-1202.0,-1201.0,12225.6,12225.6
1280286,140948,1.0,2,-361.0,-378.0,8799.885,8799.885
2783391,153596,1.0,3,-496.0,-510.0,6903.45,6903.45
2113639,152158,1.0,4,-1138.0,-1150.0,34182.0,34182.0
2253633,129440,1.0,2,-1848.0,-1857.0,13886.325,13886.325
2474604,394440,1.0,6,-913.0,-915.0,25309.575,25309.575
1630261,422254,1.0,11,-104.0,-122.0,24531.345,24531.345
1406408,244098,1.0,29,-624.0,-634.0,12408.93,12408.93
2196388,392842,1.0,6,-1752.0,-1752.0,9624.465,9624.465
2450023,440215,0.0,63,-865.0,-865.0,141.93,141.93
1954197,195830,1.0,8,-2513.0,-2516.0,5770.485,5770.485
2142323,312348,1.0,14,-1162.0,-1169.0,8267.625,8267.625
2608629,203899,0.0,39,-1411.0,-1414.0,7875.0,7875.0
2100460,282237,1.0,16,-362.0,-380.0,35912.16,17025.48
1930740,424996,0.0,114,-431.0,-431.0,149.895,149.895
2162951,155562,0.0,113,-770.0,-770.0,0.135,0.135
1640163,386863,0.0,22,-1925.0,-1925.0,365.85,365.85
1777733,172148,1.0,11,-254.0,-255.0,9614.16,9614.16
1420039,279921,0.0,11,-17.0,-20.0,4636.395,4636.395
1127852,167290,1.0,11,-560.0,-561.0,10317.6,10317.6
2580399,186493,0.0,64,-461.0,-461.0,3.735,3.735
1833349,187745,1.0,5,-576.0,-580.0,98677.395,98677.395
1829931,316119,1.0,6,-126.0,-150.0,7645.68,7645.68
1423208,329730,1.0,15,-2237.0,-2242.0,4079.52,4079.52
1237016,216776,1.0,10,-843.0,-845.0,39337.38,39337.38
2491180,282534,0.0,36,-1314.0,-1326.0,9000.0,9000.0
1153539,325285,1.0,31,-1271.0,-1275.0,11801.475,11801.475
1331454,455125,1.0,12,-628.0,-634.0,11267.055,11267.055
1465913,367437,1.0,9,-257.0,-271.0,14314.185,14314.185
1835491,193681,2.0,12,-221.0,-222.0,13812.075,13812.075
1824640,361504,1.0,5,-2461.0,-2472.0,5197.995,5197.995
1320795,145324,1.0,1,-256.0,-262.0,21965.895,21965.895
1012614,145622,1.0,26,-396.0,-418.0,23123.88,23123.88
1873149,298238,1.0,6,-58.0,-59.0,27449.82,27449.82
2756653,119368,1.0,6,-767.0,-779.0,20148.39,20148.39
2154459,157016,1.0,7,-132.0,-160.0,21106.035,21106.035
1146946,143621,0.0,18,-2793.0,-2793.0,1125.0,1125.0
2717933,201239,0.0,62,-1256.0,-1256.0,459.315,459.315
1522157,196437,1.0,5,-574.0,-577.0,30938.94,30938.94
2301069,233573,1.0,4,-153.0,-163.0,6424.875,6424.875
1839780,341765,1.0,1,-1134.0,-1153.0,20123.865,90000.0
2138565,116813,1.0,2,-251.0,-271.0,20143.935,20143.935
1688832,245254,1.0,3,-1790.0,-1799.0,8977.365,8977.365
1005758,229294,1.0,8,-1660.0,-1663.0,9639.945,9639.945
1317134,161861,1.0,25,-328.0,-336.0,23547.78,23547.78
1688229,217797,0.0,7,-2532.0,-2541.0,6750.0,6750.0
2186249,381131,0.0,34,-308.0,-325.0,3846.825,1857.69
2631836,140337,0.0,75,-1568.0,-1568.0,560.88,560.88
1688533,143624,1.0,5,-2570.0,-2570.0,3689.055,3689.055
1410569,146603,1.0,8,-289.0,-293.0,16099.065,16099.065
1078281,307499,1.0,18,-128.0,-132.0,8513.19,8513.19
1861297,183096,0.0,81,-384.0,-384.0,89.91,89.91
2696875,135365,1.0,3,-1556.0,-1558.0,4361.49,4361.49
2130468,171647,0.0,29,-1985.0,-1996.0,4500.0,4500.0
2023075,201702,0.0,51,-1486.0,-1486.0,47250.0,47250.0
1678076,184238,2.0,1,-994.0,-1000.0,941393.34,941393.34
1500071,288992,1.0,1,-1327.0,-1338.0,13439.745,13439.745
2300171,150587,14.0,7,-25.0,-27.0,14783.355,67500.0
1833174,272425,1.0,1,-629.0,-646.0,24272.325,24272.325
1374808,311535,0.0,56,-1911.0,-1911.0,1437.75,1437.75
2356734,111319,0.0,93,-115.0,-115.0,4.5,4.5
2607544,423791,1.0,4,-2013.0,-2016.0,4756.275,4756.275
2792406,282875,1.0,7,-2125.0,-2154.0,6821.19,0.315
2174758,374784,1.0,3,-1294.0,-1308.0,17218.305,17218.305
1125506,293825,1.0,1,-1745.0,-1769.0,11774.115,11774.115
2404693,417874,1.0,9,-1237.0,-1236.0,16542.315,16542.315
1104150,346965,3.0,27,-207.0,-205.0,28596.96,28354.59
2177382,114325,1.0,2,-2610.0,-2620.0,4100.94,4100.94
1561694,235294,1.0,11,-54.0,-69.0,22556.16,22556.16
1979274,393320,0.0,16,-2702.0,-2702.0,1575.63,1575.63
1723396,150521,1.0,6,-367.0,-366.0,9036.135,9036.135
1367172,436492,1.0,3,-1247.0,-1253.0,3954.375,3954.375
1531247,345716,1.0,6,-576.0,-576.0,8774.01,8774.01
1568006,356755,1.0,7,-1231.0,-1239.0,10063.98,10063.98
2180333,214114,1.0,9,-1251.0,-1265.0,3342.15,3342.15
1619437,429503,1.0,9,-570.0,-596.0,8935.38,8935.38
1380716,359789,1.0,2,-1774.0,-1788.0,4303.305,4303.305
1006170,455703,1.0,6,-142.0,-145.0,11376.81,12190.95
2673605,154641,1.0,2,-734.0,-737.0,21720.87,21720.87
1469127,143637,1.0,40,-980.0,-1008.0,69552.0,594.0
1850109,274630,1.0,9,-102.0,-127.0,4560.12,4560.12
2388639,439089,0.0,6,-341.0,-341.0,450.0,450.0
1837272,162061,0.0,9,-428.0,-437.0,2250.0,2250.0
1514696,421427,0.0,43,-1149.0,-1149.0,220.32,220.32
1216532,131847,1.0,3,-634.0,-629.0,4572.855,3644.955
2355289,410717,1.0,2,-493.0,-494.0,8914.005,8914.005
1292650,200728,1.0,11,-476.0,-482.0,8446.725,8446.725
2832112,140241,3.0,10,-54.0,-63.0,5488.065,5488.065
2741175,221966,1.0,18,-534.0,-549.0,29526.795,29526.795
2527995,431409,2.0,8,-580.0,-585.0,27440.46,27440.46
2430364,269704,0.0,5,-541.0,-550.0,13688.505,13688.505
1817977,358132,1.0,4,-1106.0,-1123.0,26504.505,26504.505
1999619,263015,0.0,59,-1160.0,-1160.0,585.0,585.0
2100781,277834,1.0,2,-944.0,-947.0,11947.905,11947.905
1150566,245553,0.0,88,-72.0,-72.0,232.335,232.335
1079812,288942,1.0,7,-2438.0,-2443.0,2829.51,2829.51
2024613,440007,1.0,3,-1390.0,-1396.0,24400.17,24400.17
2305286,140900,1.0,3,-2408.0,-2428.0,5156.955,5156.955
2073338,439945,1.0,8,-2264.0,-2275.0,2276.235,2259.9
1768950,377432,1.0,3,-1238.0,-1225.0,20908.8,6717.42
1026839,447356,1.0,6,-226.0,-239.0,5304.825,5304.825
1891042,429602,3.0,3,-785.0,-791.0,16161.03,16161.03
2309383,278994,1.0,3,-781.0,-801.0,2890.215,1870.155
2834363,134036,1.0,3,-1021.0,-1020.0,37410.165,36266.13
1545517,450741,0.0,23,-278.0,-286.0,4390.875,4390.875
2770193,277495,1.0,19,-1047.0,-1064.0,23674.5,23674.5
1180356,328687,1.0,2,-591.0,-621.0,13232.34,267.66
1926311,329434,0.0,80,-1745.0,-1745.0,675.0,675.0
2426945,406277,1.0,9,-458.0,-464.0,28873.17,28873.17
2355106,346707,0.0,115,-515.0,-515.0,8974.665,8974.665
1995224,391235,1.0,12,-2727.0,-2708.0,10387.755,10383.615
2319589,449372,0.0,1,-603.0,-603.0,19381.5,19381.5
2518680,166315,2.0,1,-410.0,-427.0,91063.71,91063.71
2592650,373962,1.0,8,-2137.0,-2168.0,3535.155,3535.155
2673478,326841,1.0,10,-722.0,-726.0,4378.5,4378.5
1469313,132539,0.0,71,-1302.0,-1313.0,9000.0,9000.0
2191114,395173,0.0,92,-333.0,-333.0,107.055,107.055
1541569,204287,1.0,9,-1688.0,-1700.0,4020.03,4020.03
2463501,395449,1.0,8,-301.0,-303.0,30141.45,30141.45
1585943,381910,1.0,2,-706.0,-707.0,51440.67,51440.67
2571929,169792,1.0,9,-1357.0,-1357.0,13477.5,13477.5
2721409,355047,1.0,6,-1319.0,-1340.0,13910.265,13910.265
1559987,294263,0.0,59,-1343.0,-1343.0,9.99,9.99
1739061,361800,1.0,3,-1438.0,-1446.0,6772.5,6651.135
1724153,134697,1.0,5,-662.0,-662.0,51684.21,51684.21
1862383,229991,1.0,19,-396.0,-426.0,2025.45,2025.45
2179836,175470,0.0,19,-273.0,-273.0,34188.975,34188.975
1331563,297932,1.0,2,-1087.0,-1129.0,3899.25,3899.25
1691173,159507,2.0,17,-427.0,-425.0,12072.78,8819.325
2510446,414656,1.0,7,-1291.0,-1292.0,23363.775,23363.775
2636505,440191,1.0,8,-2672.0,-2644.0,7347.69,10.53
1125145,177262,3.0,22,-256.0,-256.0,16376.895,16376.895
1010784,328902,0.0,98,-135.0,-135.0,69.12,69.12
1765149,239998,1.0,3,-145.0,-152.0,9495.045,9495.045
1586022,248566,1.0,6,-18.0,-19.0,29840.535,29840.535
2696813,388831,1.0,3,-1139.0,-1153.0,5867.505,5867.505
1067460,409945,1.0,5,-268.0,-281.0,16456.95,16456.95
2807581,134868,1.0,1,-1705.0,-1707.0,26273.205,26273.205
1549778,192577,0.0,6,-137.0,-134.0,4653.675,4653.675
1234252,352875,2.0,6,-1979.0,-1991.0,12660.66,12660.66
1667064,198859,0.0,80,-521.0,-521.0,1296.945,1296.945
2479470,410035,1.0,4,-537.0,-544.0,9072.045,9072.045
1847724,431025,1.0,4,-2305.0,-2309.0,13150.665,13150.665
2523995,307527,1.0,1,-738.0,-759.0,5841.225,5841.225
1111231,327288,1.0,1,-860.0,-860.0,46829.025,46829.025
1536678,218224,1.0,5,-27.0,-36.0,11606.58,11606.58
1153484,186775,0.0,4,-2787.0,-2787.0,1125.0,1125.0
2801422,395576,0.0,73,-1317.0,-1317.0,388.98,388.98
2360467,269750,0.0,95,-152.0,-152.0,248.04,248.04
1184795,452579,0.0,31,-1948.0,-1962.0,6750.0,6750.0
2167492,123615,1.0,1,-1083.0,-1100.0,7189.74,7189.74
2148277,261560,1.0,14,-299.0,-310.0,15316.29,15316.29
2564579,276108,1.0,8,-115.0,-126.0,24302.43,24302.43
2029431,300224,0.0,49,-2202.0,-2202.0,253.62,253.62
1914392,397807,0.0,44,-2308.0,-2312.0,5625.0,5625.0
1928101,218371,1.0,3,-652.0,-663.0,6024.6,6024.6
1010867,273169,1.0,24,-545.0,-561.0,29677.5,29677.5
1666625,166957,0.0,53,-1870.0,-1878.0,6750.0,6750.0
1405233,425966,0.0,19,-1967.0,-1974.0,7875.0,7875.0
2361807,280055,1.0,10,-370.0,-378.0,7843.725,7843.725
2558050,419531,0.0,171,-748.0,-755.0,2884.5,2884.5
1669615,334098,1.0,3,-2401.0,-2412.0,3960.315,3960.315
2756723,441672,1.0,6,-2690.0,-2707.0,5049.36,4910.625
1046126,392027,0.0,13,-184.0,-186.0,5868.135,5868.135
2241026,453859,0.0,13,-243.0,-254.0,2250.0,2250.0
1425284,431310,2.0,16,-91.0,-92.0,492482.025,492482.025
1367915,363928,0.0,25,-2186.0,-2186.0,2160.0,2160.0
1085062,167905,1.0,2,-1526.0,-1571.0,12974.175,12974.175
1076970,439078,1.0,7,-273.0,-281.0,14008.005,14008.005
2438959,100152,1.0,13,-273.0,-275.0,36433.125,36433.125
1001337,337887,2.0,5,-2640.0,-2640.0,11089.035,11089.035
1958886,291150,1.0,19,-62.0,-63.0,31920.84,31920.84
1716267,262905,0.0,44,-1280.0,-1290.0,7875.0,7875.0
1618430,447698,0.0,57,-1570.0,-1570.0,6750.0,6750.0
1480795,130807,1.0,1,-833.0,-863.0,4066.47,4066.47
1100070,293999,1.0,5,-462.0,-459.0,14936.13,14429.295
2384428,187096,1.0,1,-1725.0,-1741.0,4261.095,4261.095
1129979,158389,0.0,63,-1794.0,-1794.0,2280.195,2280.195
2785166,186447,1.0,3,-1219.0,-1223.0,5482.125,5482.125
1514805,223528,1.0,9,-2802.0,-2805.0,2274.795,2274.795
1334139,110056,0.0,18,-147.0,-147.0,4762.89,4762.89
2412217,376296,2.0,7,-725.0,-738.0,97331.355,112647.645
1391671,190101,0.0,101,-522.0,-522.0,326.205,326.205
1155975,270852,0.0,26,-1529.0,-1529.0,147.24,147.24
2205049,375362,3.0,9,-444.0,-460.0,15431.49,180000.0
2776850,274353,1.0,12,-1172.0,-1173.0,15279.93,15279.93
1669281,147343,1.0,6,-1571.0,-1578.0,13171.005,13171.005
1308425,291222,1.0,5,-2310.0,-2317.0,8438.67,8438.67
2611306,450053,2.0,5,-1139.0,-1176.0,70937.865,70937.865
1053980,180219,0.0,70,-737.0,-737.0,661.365,661.365
2497431,129682,1.0,6,-990.0,-994.0,12136.86,12136.86
1208797,372232,1.0,6,-1542.0,-1586.0,13162.185,13162.185
1847198,201259,1.0,3,-1361.0,-1362.0,10616.04,10616.04
2317977,345118,0.0,26,-976.0,-976.0,1396.395,1396.395
1076337,339873,1.0,8,-114.0,-114.0,13415.715,13415.715
1409001,217326,0.0,39,-2135.0,-2135.0,225.72,225.72
1659524,296284,1.0,1,-953.0,-983.0,6535.8,6535.8
1053707,221065,1.0,12,-700.0,-718.0,8275.14,8275.14
1690993,383347,0.0,28,-696.0,-696.0,132.975,132.975
1561213,363013,1.0,13,-675.0,-672.0,32484.69,32012.01
2594104,132534,1.0,8,-2427.0,-2425.0,5349.33,5300.865
1055545,132114,1.0,5,-828.0,-834.0,9771.075,9771.075
2379793,323041,0.0,69,-360.0,-360.0,666.405,666.405
2163088,383039,1.0,8,-2430.0,-2431.0,14614.38,14405.22
1985148,190854,1.0,8,-101.0,-107.0,22240.755,22240.755
1411626,293040,0.0,95,-809.0,-809.0,1866.69,1866.69
2537252,416838,1.0,10,-2569.0,-2580.0,5114.655,5114.655
2283829,109679,1.0,16,-77.0,-82.0,7395.615,7395.615
1019097,314614,1.0,6,-343.0,-361.0,11153.16,11153.16
1870491,378572,0.0,56,-1692.0,-1692.0,2250.0,2250.0
2837629,156074,1.0,1,-362.0,-366.0,8552.88,8552.88
1693764,377780,1.0,3,-624.0,-638.0,45649.8,45649.8
1749755,103403,1.0,6,-1062.0,-1131.0,12767.085,12767.085
1666739,427218,3.0,4,-97.0,-115.0,45882.585,45882.585
1835584,234540,1.0,4,-988.0,-1002.0,6193.71,6193.71
1849775,206351,1.0,9,-558.0,-570.0,25089.525,25089.525
1461867,182306,1.0,8,-2070.0,-2085.0,3505.77,3505.77
2565852,278911,0.0,2,-658.0,-658.0,2000.97,2000.97
2830724,232489,0.0,35,-25.0,-25.0,1956.24,1956.24
2101574,378990,0.0,28,-1640.0,-1640.0,51.12,51.12
1460851,426290,1.0,18,-279.0,-293.0,33986.655,33986.655
1464990,401048,1.0,1,-299.0,-311.0,9092.16,9092.16
2446000,334742,0.0,99,-566.0,-566.0,258.84,258.84
2368727,327906,0.0,71,-1239.0,-1239.0,111.105,111.105
1614551,266572,0.0,25,-214.0,-214.0,8764.74,8764.74
1496938,125619,0.0,99,-768.0,-768.0,103.725,103.725
1260103,189576,1.0,2,-200.0,-210.0,13721.535,13721.535
2188696,164728,1.0,4,-738.0,-737.0,17192.61,17192.61
2293062,425309,0.0,63,-271.0,-282.0,22393.485,9000.0
1793096,130194,1.0,7,-370.0,-367.0,13095.45,13036.185
2227145,386081,1.0,3,-1062.0,-1072.0,3979.8,3979.8
1941998,117873,0.0,67,-29.0,-29.0,1800.0,1800.0
1309278,168652,1.0,1,-1423.0,-1440.0,21268.71,21268.71
1799028,245901,1.0,8,-2144.0,-2146.0,5097.51,5097.51
1290711,377823,1.0,10,-504.0,-518.0,51737.13,17493.165
1054706,242713,0.0,5,-2722.0,-2702.0,3375.0,3375.0
1360458,334125,0.0,32,-69.0,-69.0,491.085,491.085
1133567,308461,1.0,3,-2052.0,-2063.0,27149.49,27149.49
2593949,198648,1.0,12,-173.0,-203.0,14241.33,859.725
2062080,333753,1.0,2,-442.0,-456.0,15047.01,15047.01
1907132,421105,2.0,11,-213.0,-231.0,152506.125,167377.365
1423386,275998,0.0,22,-278.0,-278.0,180.225,180.225
2820927,333581,1.0,5,-2243.0,-2272.0,11736.81,11736.81
1211316,363704,1.0,7,-477.0,-492.0,19172.655,19172.655
1102899,438383,0.0,22,-2446.0,-2446.0,2250.0,2250.0
1336356,302350,0.0,27,-171.0,-174.0,6869.745,6869.745
2186313,344182,1.0,2,-1312.0,-1317.0,13267.8,13267.8
1182710,427573,1.0,6,-2601.0,-2588.0,6877.305,74.115
1480982,388580,1.0,15,-51.0,-51.0,33279.3,33279.3
1078443,401543,0.0,66,-311.0,-311.0,699.165,699.165
1561112,348021,1.0,9,-1656.0,-1666.0,8557.2,8557.2
1746031,423883,1.0,10,-943.0,-938.0,9223.38,9218.88
2509464,415753,1.0,6,-718.0,-740.0,11341.89,11341.89
1560108,133995,1.0,7,-1971.0,-2003.0,8602.785,0.18
1729508,305037,1.0,2,-448.0,-464.0,11131.74,11131.74
1076872,243819,1.0,3,-1127.0,-1136.0,18805.95,18805.95
1730805,378166,1.0,2,-2331.0,-2332.0,12054.195,12054.195
1847098,314072,0.0,19,-480.0,-480.0,22500.0,22500.0
2626783,456033,2.0,12,-174.0,-198.0,838566.54,838566.54
2164709,241348,1.0,32,-359.0,-359.0,21606.48,21606.48
2085642,121978,1.0,5,-565.0,-567.0,27774.0,27774.0
1384381,393663,1.0,3,-943.0,-961.0,38065.095,38065.095
1046112,227850,0.0,6,-2368.0,-2377.0,4500.0,4500.0
1891777,393107,1.0,3,-1254.0,-1258.0,5954.4,5954.4
1086924,300420,1.0,9,-1834.0,-1852.0,4900.95,4900.95
2506174,156716,0.0,74,-904.0,-904.0,953.685,953.685
2130980,441119,2.0,7,-1625.0,-1652.0,69223.905,69223.905
1849863,168770,1.0,15,-1071.0,-1052.0,3519.135,242.91
2274370,253237,2.0,5,-548.0,-574.0,68329.035,68329.035
2675026,297164,1.0,1,-2104.0,-2114.0,7733.43,7733.43
1000051,234782,1.0,10,-1451.0,-1432.0,3550.095,4.095
2713612,453988,1.0,1,-1360.0,-1375.0,21219.57,21219.57
2350229,237082,1.0,12,-339.0,-339.0,10797.525,10797.525
1184926,164758,1.0,1,-276.0,-306.0,5395.5,5395.5
2532367,137224,1.0,13,-1850.0,-1844.0,17144.37,17100.0
1928416,155007,0.0,43,-2275.0,-2275.0,2700.0,2700.0
2248288,182681,1.0,30,-489.0,-478.0,16102.8,15241.77
2396931,329222,0.0,9,-70.0,-70.0,232.2,232.2
2104455,432165,3.0,11,-300.0,-301.0,5124.735,5124.735
2827375,101583,0.0,91,-1002.0,-1002.0,378.18,378.18
1086434,102063,1.0,3,-2212.0,-2232.0,2819.025,2819.025
1798616,334364,0.0,76,-980.0,-981.0,13500.0,13500.0
2628433,258239,0.0,58,-2116.0,-2131.0,5625.0,5625.0
1989439,254638,3.0,8,-517.0,-522.0,25283.16,25283.16
1802536,353703,0.0,86,-604.0,-604.0,139.455,139.455
1920313,215535,7.0,10,-386.0,-389.0,20874.87,22750.65
1798683,108989,1.0,8,-1558.0,-1564.0,4380.705,16.065
1564673,299788,0.0,98,-221.0,-222.0,4354.515,4354.515
1520374,218041,1.0,2,-474.0,-480.0,10473.93,10473.93
1185345,246342,0.0,9,-193.0,-193.0,334.62,334.62
2354758,442132,1.0,3,-1433.0,-1427.0,17373.96,17362.755
2069797,449048,1.0,8,-625.0,-645.0,8719.875,8719.875
2244232,345915,1.0,4,-559.0,-560.0,8844.615,8844.615
1516834,355070,1.0,4,-648.0,-685.0,19739.565,525.105
2240788,196666,5.0,13,-510.0,-511.0,23710.185,23710.185
2227262,445777,1.0,4,-2098.0,-2128.0,3222.72,3222.72
1462022,130660,1.0,7,-629.0,-622.0,5070.555,33.885
1103416,352995,0.0,37,-1756.0,-1756.0,576.36,576.36
2099682,434540,1.0,6,-156.0,-161.0,8349.21,8349.21
2463557,325722,0.0,14,-220.0,-220.0,129.555,129.555
1029856,245664,0.0,131,-1200.0,-1203.0,8100.0,8100.0
1794677,239533,1.0,2,-510.0,-568.0,5052.735,5052.735
2446273,413094,1.0,11,-588.0,-618.0,5745.915,2377.35
2312403,137504,1.0,3,-1887.0,-1915.0,5595.21,5595.21
1730447,239154,1.0,2,-1354.0,-1362.0,7098.975,7098.975
1176258,279296,1.0,5,-656.0,-693.0,11899.575,11300.85
2572515,178203,1.0,9,-580.0,-613.0,3685.905,3685.905
2121184,199661,0.0,117,-1359.0,-1362.0,10800.0,10800.0
2333678,439025,1.0,3,-973.0,-981.0,16228.08,16228.08
1366597,368587,1.0,1,-222.0,-250.0,47547.765,47547.765
1337806,154297,1.0,29,-488.0,-495.0,23842.935,23842.935
1570515,409675,1.0,11,-1153.0,-1170.0,4649.985,4649.985
1334717,405046,2.0,16,-205.0,-231.0,78651.09,78651.09
1573713,365912,0.0,98,-623.0,-623.0,4500.0,4500.0
2834417,377889,1.0,17,-2175.0,-2184.0,7084.71,7084.71
1385143,238094,3.0,5,-24.0,-62.0,3488.04,3488.04
2760423,117860,1.0,3,-1218.0,-1223.0,22447.755,5.76
2307202,229936,1.0,11,-1890.0,-1898.0,8610.12,8610.12
1539004,407611,1.0,8,-169.0,-172.0,10080.72,10080.72
2723072,200757,1.0,22,-1121.0,-1131.0,4692.195,4692.195
1889989,169957,0.0,14,-235.0,-235.0,213.885,213.885
2366766,138122,1.0,10,-435.0,-426.0,31446.36,29475.0
2162112,353997,0.0,61,-812.0,-812.0,29.34,29.34
2604917,103142,1.0,4,-537.0,-546.0,81563.895,81563.895
1660673,259910,1.0,13,-238.0,-256.0,13467.69,13467.69
1052719,109803,0.0,11,-1339.0,-1339.0,4050.0,4050.0
1811750,316781,1.0,6,-2148.0,-2174.0,4441.59,4441.59
2142133,138520,1.0,1,-2080.0,-2094.0,10059.57,10059.57
2500189,260189,1.0,6,-501.0,-502.0,20146.59,20146.59
2767687,429758,0.0,21,-734.0,-734.0,1360.17,1360.17
2065626,316492,0.0,20,-359.0,-372.0,6110.01,6110.01
1736507,343080,1.0,5,-1059.0,-1074.0,12379.365,12379.365
1844818,248948,1.0,10,-380.0,-395.0,26433.18,26433.18
1688230,210589,0.0,42,-1822.0,-1836.0,3375.0,3375.0
2482640,224277,0.0,12,-1967.0,-1967.0,2250.0,2250.0
2412617,175166,1.0,14,-402.0,-415.0,17121.375,17121.375
2707316,244927,1.0,4,-4.0,-13.0,20714.31,20714.31
1355225,317340,1.0,4,-1452.0,-1479.0,2996.865,2996.865
1062552,126527,1.0,8,-1175.0,-1185.0,11535.705,11535.705
2107365,346595,1.0,8,-1836.0,-1844.0,3680.235,3680.235
1785148,316290,1.0,2,-291.0,-305.0,6220.98,6220.98
2190981,308876,1.0,2,-797.0,-797.0,5166.36,5166.36
1818204,169571,1.0,1,-293.0,-301.0,1710.9,1710.9
2180002,145181,1.0,11,-179.0,-181.0,19609.065,19609.065
1420345,257541,1.0,3,-708.0,-708.0,3389.175,3389.175
1409067,382751,0.0,10,-308.0,-308.0,150750.0,150750.0
2063324,283922,1.0,2,-280.0,-309.0,4950.0,4950.0
2785301,168720,2.0,4,-293.0,-299.0,82791.27,82791.27
1078844,281428,1.0,7,-2515.0,-2513.0,3998.7,3998.7
2322502,316388,0.0,115,-424.0,-424.0,2.025,2.025
2328802,111403,1.0,3,-738.0,-757.0,27019.215,27019.215
1100159,163856,1.0,1,-586.0,-588.0,113231.295,113231.295
1871744,149703,1.0,6,-2424.0,-2424.0,3145.14,3145.14
1794338,102976,0.0,7,-813.0,-814.0,15182.64,15182.64
2239185,284768,0.0,11,-93.0,-93.0,495.99,495.99
2102278,203567,0.0,82,-1375.0,-1384.0,13500.0,13500.0
1004901,434979,2.0,6,-691.0,-703.0,21959.865,21959.865
2194378,121417,3.0,3,-296.0,-305.0,30105.495,30105.495
1467576,256239,1.0,1,-604.0,-617.0,7565.715,7565.715
1564947,326601,1.0,11,-2626.0,-2626.0,5600.745,5600.745
1239374,318169,1.0,6,-1328.0,-1452.0,47930.355,47930.355
2687063,221731,3.0,7,-812.0,-811.0,33928.605,33928.605
1265579,258723,3.0,6,-225.0,-248.0,24723.315,24723.315
2478302,419933,1.0,9,-650.0,-655.0,7669.53,7669.53
1600598,145488,1.0,5,-1572.0,-1589.0,4558.455,4558.455
1648601,250131,1.0,17,-376.0,-384.0,6539.22,6539.22
2203096,382486,1.0,6,-2484.0,-2498.0,18419.67,18419.67
1217184,387709,1.0,4,-1820.0,-1833.0,7471.575,7471.575
2538684,218280,3.0,21,-779.0,-834.0,14128.38,14128.38
1536754,278702,1.0,6,-1376.0,-1380.0,24089.04,24089.04
1785274,371295,1.0,3,-1360.0,-1372.0,5088.42,5088.42
1077711,148954,1.0,1,-479.0,-509.0,6835.005,6835.005
1438084,363985,1.0,8,-351.0,-359.0,13494.015,13494.015
1519789,239782,1.0,5,-807.0,-809.0,9803.43,9803.43
1941149,328489,0.0,44,-1855.0,-1884.0,167.085,167.085
1083851,167651,1.0,9,-2539.0,-2562.0,6469.875,6469.875
1354920,142057,0.0,18,-2247.0,-2247.0,2250.0,2250.0
2182029,182095,1.0,4,-435.0,-437.0,28951.605,28951.605
1078121,394433,0.0,119,-64.0,-64.0,213.57,213.57
2609507,116095,1.0,10,-1904.0,-1910.0,3252.06,3252.06
2331210,144346,1.0,3,-627.0,-673.0,5793.93,5793.93
2459952,263347,0.0,32,-2522.0,-2527.0,4500.0,4500.0
1721848,367589,0.0,134,-434.0,-434.0,148.815,148.815
2239733,232024,1.0,9,-1566.0,-1586.0,9327.015,9327.015
2522180,216478,1.0,9,-41.0,-49.0,5394.555,5394.555
2204338,128275,1.0,22,-40.0,-39.0,33897.69,33897.69
2191105,277224,1.0,11,-399.0,-451.0,9851.58,9851.58
2246934,185243,1.0,1,-1049.0,-1047.0,5045.49,5045.49
1263434,212895,1.0,9,-2301.0,-2306.0,5231.475,5231.475
1621801,127103,1.0,7,-532.0,-536.0,24508.35,24508.35
2504617,307002,0.0,40,-347.0,-353.0,23280.12,23183.82
1071194,139341,1.0,2,-80.0,-121.0,5749.29,5749.29
1624058,258106,1.0,2,-144.0,-145.0,23318.82,23318.82
2479961,295465,1.0,4,-885.0,-913.0,10167.75,10167.75
2804847,138087,0.0,61,-1663.0,-1663.0,189.315,189.315
1958732,320676,0.0,24,-874.0,-874.0,261452.61,261452.61
1027550,381831,1.0,4,-1243.0,-1251.0,6154.56,6154.56
1596038,279381,0.0,67,-531.0,-531.0,2.34,2.34
1188544,345929,0.0,4,-2802.0,-2797.0,4500.0,4500.0
1881745,441183,1.0,2,-1654.0,-1669.0,15858.81,15858.81
1293859,210761,1.0,2,-2305.0,-2325.0,5480.73,5480.73
1748634,267395,0.0,33,-198.0,-210.0,22972.05,22972.05
1112159,196096,0.0,5,-2422.0,-2429.0,5625.0,5625.0
1843620,425793,0.0,110,-434.0,-445.0,9000.0,9000.0
2165218,253499,1.0,4,-1649.0,-1666.0,8359.29,8359.29
2243532,444722,0.0,12,-2877.0,-2881.0,5400.0,5400.0
1723140,150531,1.0,8,-806.0,-817.0,35658.855,35658.855
2411734,421377,0.0,12,-2438.0,-2438.0,1125.0,1125.0
1647593,402474,0.0,54,-1242.0,-1259.0,9000.0,9000.0
2497079,209191,1.0,3,-284.0,-283.0,7050.285,7050.285
2704627,199154,1.0,6,-2064.0,-2081.0,4269.51,4269.51
2611356,216091,1.0,7,-1006.0,-1015.0,14808.06,14808.06
2403651,385398,1.0,6,-13.0,-27.0,10570.59,10570.59
2259602,320615,1.0,10,-1247.0,-1249.0,29385.45,29385.45
1575955,319024,2.0,9,-264.0,-282.0,113246.37,113246.37
1209163,143778,1.0,7,-738.0,-744.0,9584.91,9584.91
1151340,129598,0.0,28,-1959.0,-1967.0,9000.0,9000.0
1792937,433008,0.0,64,-631.0,-634.0,9000.0,9000.0
1214745,269498,1.0,8,-1425.0,-1452.0,3253.05,3253.05
2158114,114688,3.0,25,-283.0,-286.0,23533.56,22154.22
2835449,400785,1.0,2,-1138.0,-1192.0,53189.955,53189.955
2265667,422444,1.0,4,-1570.0,-1602.0,5061.195,5061.195
2416641,323475,0.0,47,-1873.0,-1873.0,223.155,223.155
1636087,200453,1.0,5,-751.0,-749.0,26902.44,23623.605
1281995,456040,1.0,2,-677.0,-693.0,11865.42,11865.42
2244378,345240,1.0,3,-371.0,-377.0,16708.59,16708.59
2633692,185287,1.0,13,-704.0,-718.0,16739.325,16739.325
2174084,187996,1.0,1,-387.0,-403.0,7114.995,18000.0
1789280,344809,1.0,6,-330.0,-349.0,23703.93,23703.93
1415556,307030,1.0,8,-2400.0,-2405.0,5208.39,5208.39
2300541,424695,0.0,5,-130.0,-130.0,31.5,31.5
1968995,342171,0.0,42,-429.0,-429.0,6715.8,6715.8
1809402,133905,1.0,3,-196.0,-209.0,8328.6,8328.6
1216451,300466,0.0,2,-833.0,-833.0,325.035,325.035
2819569,342597,1.0,3,-363.0,-381.0,6889.23,6889.23
2446014,105834,0.0,83,-384.0,-384.0,101.205,101.205
2234798,284571,1.0,1,-1052.0,-1059.0,6599.385,6599.385
1368625,315599,1.0,6,-1474.0,-1492.0,3758.85,3758.85
1571137,360430,0.0,21,-832.0,-832.0,38055.645,38055.645
1462236,442731,1.0,3,-454.0,-465.0,10923.075,10923.075
1034536,440323,1.0,7,-1116.0,-1127.0,7910.19,7910.19
1326706,425179,0.0,34,-2376.0,-2376.0,21.375,21.375
1374809,189860,0.0,28,-2499.0,-2501.0,10800.0,10800.0
2300786,142588,3.0,5,-413.0,-415.0,17401.5,17401.5
2208614,204318,0.0,64,-135.0,-135.0,9450.0,9450.0
1544205,150876,1.0,5,-415.0,-417.0,9604.62,9604.62
1611160,161295,1.0,2,-1513.0,-1515.0,10255.815,10255.815
2292037,240942,0.0,7,-2068.0,-2085.0,7875.0,7875.0
1310338,142994,0.0,89,-1343.0,-1347.0,7875.0,7875.0
1309040,312624,0.0,167,-85.0,-85.0,4.41,4.41
1312216,356051,1.0,3,-106.0,-107.0,25541.235,25541.235
1132766,205429,1.0,14,-442.0,-449.0,7185.42,7185.42
1655891,154337,1.0,16,-294.0,-292.0,28299.915,23723.64
2397700,264575,0.0,87,-758.0,-758.0,2141.235,2141.235
2824619,121245,1.0,4,-977.0,-982.0,6752.25,6752.25
1076129,316720,1.0,2,-727.0,-732.0,13860.18,13860.18
1910465,153816,1.0,8,-141.0,-154.0,10791.0,10791.0
2210202,285756,1.0,8,-45.0,-41.0,12923.82,2590.56
2720310,385463,1.0,14,-107.0,-140.0,8040.195,8040.195
1959118,204534,1.0,12,-1434.0,-1434.0,21389.895,21389.895
1441132,264807,2.0,2,-90.0,-128.0,3207.915,3207.915
1029598,443290,0.0,49,-1992.0,-1992.0,3375.0,3375.0
1240381,298444,2.0,7,-910.0,-929.0,149022.405,149022.405
1398793,292423,0.0,32,-258.0,-262.0,37168.605,37168.605
1109446,258856,0.0,6,-84.0,-103.0,1102.095,1102.095
2216737,233325,1.0,9,-2345.0,-2376.0,16713.405,16713.405
1159223,133610,1.0,6,-907.0,-909.0,9349.515,9349.515
1132453,155650,1.0,9,-978.0,-979.0,8351.415,8351.415
1588698,266246,0.0,5,-2399.0,-2412.0,6750.0,6750.0
1128652,157574,0.0,39,-2084.0,-2097.0,7875.0,7875.0
1924285,370489,0.0,32,-2445.0,-2445.0,2250.0,2250.0
2453083,447416,1.0,34,-563.0,-562.0,25220.655,25220.655
1714814,346026,1.0,2,-659.0,-663.0,11377.845,11377.845
2812747,143862,0.0,28,-2303.0,-2309.0,9000.0,9000.0
1277379,229637,1.0,1,-532.0,-539.0,15377.49,15377.49
2710290,294282,0.0,12,-337.0,-337.0,1350.0,1350.0
1941082,398654,1.0,4,-1744.0,-1733.0,23540.535,23538.555
2756231,142208,2.0,7,-1470.0,-1476.0,20106.09,20106.09
1288918,269693,0.0,8,-282.0,-282.0,2209.86,2209.86
1244892,216516,0.0,149,-241.0,-251.0,21133.935,21133.935
2116528,199666,2.0,11,-1565.0,-1565.0,14991.3,14991.3
2565888,227233,0.0,30,-2412.0,-2424.0,4500.0,4500.0
2345707,286023,1.0,1,-1984.0,-1993.0,10413.405,10413.405
2162356,152778,0.0,19,-2271.0,-2273.0,7875.0,7875.0
2707970,109127,1.0,28,-1752.0,-1739.0,10412.415,10412.415
1684793,407037,0.0,34,-2280.0,-2298.0,4498.02,4498.02
1447232,448447,1.0,5,-331.0,-373.0,4531.59,4531.59
1919865,416034,1.0,5,-1191.0,-1205.0,13865.265,13865.265
2130388,165410,1.0,9,-1798.0,-1799.0,10201.86,10201.86
1836987,233076,1.0,2,-425.0,-430.0,11386.17,11386.17
2373907,147061,0.0,95,-563.0,-563.0,70.38,70.38
1864626,143665,1.0,5,-448.0,-459.0,12502.125,12502.125
2350425,320622,1.0,5,-150.0,-169.0,11621.43,11621.43
1442941,159188,1.0,14,-1917.0,-1915.0,16713.405,16713.405
1550941,374106,1.0,11,-944.0,-951.0,6808.23,6808.23
2477990,374997,2.0,9,-1306.0,-1316.0,23441.04,23441.04
2148305,222517,0.0,110,-506.0,-502.0,10267.2,10267.2
1903871,190951,1.0,6,-1460.0,-1439.0,13040.64,2.25
2240123,408199,1.0,3,-2238.0,-2245.0,6582.33,6582.33
2095878,336045,1.0,11,-229.0,-230.0,6180.435,6180.435
1511006,186783,0.0,1,-151.0,-169.0,2250.0,2250.0
1418144,166680,1.0,11,-1403.0,-1424.0,12434.22,12434.22
2605658,203632,1.0,4,-236.0,-235.0,14782.14,14782.14
2706923,354739,1.0,12,-435.0,-440.0,8742.735,8742.735
1596006,217709,0.0,72,-249.0,-249.0,153.405,153.405
1264028,417179,1.0,11,-2181.0,-2183.0,10751.985,10751.985
2804386,103150,0.0,8,-340.0,-340.0,2250.0,2250.0
1193805,112260,0.0,7,-2828.0,-2809.0,3375.0,56.115
1037454,338435,0.0,58,-481.0,-481.0,172.17,172.17
1950138,125828,0.0,19,-2564.0,-2568.0,3375.0,3375.0
1597929,157044,1.0,4,-871.0,-881.0,19188.765,19188.765
2342597,353480,0.0,68,-1944.0,-1944.0,807.21,807.21
2425186,241255,2.0,9,-2067.0,-2067.0,13708.71,13708.71
1042169,384665,0.0,4,-336.0,-336.0,532.935,532.935
2477947,392418,0.0,106,-1207.0,-1219.0,5625.0,5625.0
1212794,226956,1.0,15,-636.0,-647.0,7452.135,7452.135
2733015,164213,0.0,91,-314.0,-314.0,3963.87,3963.87
2174723,373316,0.0,13,-356.0,-356.0,2250.0,2250.0
1905180,271628,5.0,3,-71.0,-74.0,35427.87,90000.0
1570223,311955,0.0,48,-1478.0,-1478.0,959.895,959.895
1160188,402423,1.0,11,-822.0,-887.0,7209.405,7209.405
1605395,266419,0.0,55,-2464.0,-2464.0,11700.0,11700.0
1688260,299255,0.0,60,-1063.0,-1063.0,4304.835,4304.835
1839403,292847,0.0,72,-1371.0,-1371.0,5625.0,5625.0
2350061,220648,1.0,10,-312.0,-371.0,23703.93,23703.93
1310865,222709,0.0,114,-146.0,-146.0,0.585,0.585
1746307,390150,1.0,10,-1916.0,-1164.0,8548.65,35.775
1468894,330639,1.0,1,-194.0,-209.0,29909.25,29909.25
1359014,236446,1.0,10,-1331.0,-1331.0,16776.09,16776.09
2028970,375903,1.0,10,-663.0,-674.0,36600.975,36600.975
1772401,281361,1.0,3,-2073.0,-2109.0,3604.725,3604.725
2319999,188146,0.0,49,-73.0,-73.0,12.87,12.87
1481473,387898,1.0,2,-1754.0,-1747.0,6724.395,6724.395
1239302,308402,0.0,71,-258.0,-258.0,343.17,343.17
1310522,197632,1.0,4,-212.0,-256.0,12025.755,12025.755
2807131,321740,2.0,7,-1336.0,-1360.0,39348.765,39348.765
2583831,193459,1.0,2,-2489.0,-2489.0,3132.36,3132.36
1769723,126893,0.0,63,-1644.0,-1644.0,3572.595,3572.595
1010036,322561,0.0,50,-232.0,-232.0,1024.155,1024.155
1470123,382506,1.0,22,-888.0,-885.0,9003.555,1809.27
1082986,351114,1.0,9,-2128.0,-2142.0,13079.61,13079.61
1544102,316720,2.0,3,-761.0,-787.0,69803.19,69803.19
1366655,304563,1.0,3,-377.0,-382.0,52999.92,52999.92
1545150,420280,0.0,86,-1770.0,-1770.0,9000.0,9000.0
1013305,321529,0.0,16,-259.0,-276.0,2861.055,2861.055
2329372,109135,0.0,28,-2056.0,-2074.0,641.25,641.25
2145728,263614,1.0,1,-2413.0,-2423.0,13776.21,13776.21
2269499,167477,1.0,11,-2716.0,-2717.0,4488.975,4488.975
1470265,182732,1.0,1,-1049.0,-1063.0,8305.875,8305.875
1137473,425944,1.0,10,-1648.0,-1651.0,6376.185,6376.185
2256416,163289,1.0,3,-2242.0,-2245.0,4626.225,4626.225
2485981,268554,1.0,4,-2732.0,-2744.0,8885.205,8885.205
2088822,225899,1.0,1,-24.0,-25.0,29972.475,29972.475
1311686,132085,3.0,12,-160.0,-165.0,53514.135,53514.135
2821791,171511,1.0,3,-577.0,-613.0,9845.595,9845.595
2104221,379104,1.0,6,-17.0,-41.0,33553.44,33553.44
2481887,249270,1.0,11,-1940.0,-1959.0,10745.28,10745.28
2512239,421195,0.0,30,-1866.0,-1877.0,3375.0,3375.0
1486284,407443,1.0,5,-654.0,-673.0,6878.97,6878.97
2467534,231049,1.0,1,-1536.0,-1552.0,8159.715,8159.715
2758852,325072,1.0,3,-555.0,-568.0,10912.365,10912.365
1083849,234126,0.0,6,-239.0,-244.0,2250.0,2250.0
