SK_ID_PREV,SK_ID_CURR,MONTHS_BALANCE,CNT_INSTALMENT,CNT_INSTALMENT_FUTURE,NAME_CONTRACT_STATUS,SK_DPD,SK_DPD_DEF
1141316,278001,-37,12.0,0.0,Completed,0,0
2682740,248899,-67,12.0,4.0,Active,0,0
2136647,209965,-73,18.0,18.0,Active,0,0
1678541,432875,-8,24.0,16.0,Active,0,0
1870173,117636,-86,10.0,7.0,Active,0,0
1051061,380942,-4,36.0,32.0,Active,0,0
2405023,377666,-16,12.0,7.0,Active,0,0
2174435,205035,-23,36.0,35.0,Active,0,0
1709974,173223,-27,12.0,12.0,Active,0,0
1790808,177150,-4,11.0,0.0,Completed,0,0
1927827,405482,-71,12.0,3.0,Active,0,0
2248156,360096,-14,12.0,12.0,Active,0,0
2806361,294836,-70,17.0,12.0,Active,0,0
2165154,143728,-14,18.0,17.0,Active,0,0
2831850,407460,-57,6.0,2.0,Active,0,0
2481629,113425,-8,48.0,46.0,Active,0,0
1367842,418176,-92,9.0,7.0,Active,0,0
2291398,234699,-15,24.0,11.0,Active,0,0
2584414,322777,-54,15.0,5.0,Active,9,9
1231319,137534,-51,10.0,0.0,Active,265,0
1095816,415731,-53,24.0,20.0,Active,0,0
2244780,295009,-8,1.0,0.0,Completed,0,0
1463572,268368,-11,10.0,0.0,Completed,0,0
1825691,121644,-71,10.0,1.0,Active,0,0
1443445,128627,-46,24.0,24.0,Active,0,0
2093949,323936,-16,60.0,51.0,Active,0,0
1861876,282301,-24,24.0,24.0,Active,0,0
2463859,228217,-87,10.0,5.0,Active,0,0
1310451,261773,-67,12.0,11.0,Active,0,0
2196422,439071,-3,6.0,1.0,Active,0,0
1799911,237060,-76,12.0,10.0,Active,0,0
2673384,253990,-23,24.0,24.0,Active,0,0
1156458,445510,-24,24.0,19.0,Active,0,0
1163578,335318,-2,2.0,0.0,Completed,0,0
2200380,215078,-26,24.0,10.0,Active,0,0
1998118,222298,-17,10.0,6.0,Active,0,0
1280531,339207,-8,24.0,2.0,Active,0,0
1974395,117354,-59,7.0,3.0,Active,0,0
2307037,255888,-80,10.0,7.0,Active,0,0
2740980,159601,-19,24.0,20.0,Active,0,0
1420724,214754,-20,24.0,22.0,Active,0,0
1469397,276974,-4,10.0,4.0,Active,0,0
2449529,230315,-49,24.0,19.0,Active,0,0
1340071,242748,-16,11.0,0.0,Completed,0,0
1311336,185705,-91,7.0,5.0,Active,0,0
2812258,313877,-12,36.0,30.0,Active,0,0
1077507,164561,-68,6.0,6.0,Signed,0,0
2244170,131919,-23,10.0,10.0,Active,0,0
1777541,351649,-34,12.0,10.0,Active,0,0
1692181,300467,-45,6.0,5.0,Active,0,0
2353392,234438,-96,12.0,4.0,Active,0,0
2165471,448285,-40,12.0,7.0,Active,0,0
1060646,284191,-7,12.0,9.0,Active,0,0
1532558,248669,-71,6.0,6.0,Active,0,0
2704287,122657,-65,10.0,2.0,Active,0,0
1711527,156656,-15,24.0,22.0,Active,0,0
1538356,228221,-26,16.0,3.0,Active,0,0
1103433,182946,-4,48.0,47.0,Active,0,0
2036080,383935,-57,10.0,3.0,Active,0,0
2360472,254024,-59,24.0,16.0,Active,0,0
1256294,260642,-3,36.0,26.0,Active,0,0
1551639,401792,-20,12.0,7.0,Active,0,0
1488838,264037,-32,36.0,36.0,Active,0,0
1294060,380514,-9,24.0,23.0,Active,0,0
2224166,433848,-94,11.0,0.0,Completed,0,0
1235326,321849,-12,12.0,7.0,Active,0,0
1563004,396233,-42,11.0,0.0,Completed,0,0
2034814,239782,-45,24.0,19.0,Active,0,0
1169052,134844,-11,24.0,18.0,Active,0,0
2820714,310419,-8,36.0,13.0,Active,0,0
2428663,191896,-57,9.0,9.0,Active,0,0
1324202,134222,-11,6.0,1.0,Active,0,0
1289648,452276,-71,10.0,4.0,Active,0,0
2768686,119031,-32,10.0,5.0,Active,0,0
1884991,235003,-18,10.0,0.0,Active,809,0
1110942,318515,-43,48.0,44.0,Active,0,0
1311187,410421,-79,10.0,10.0,Active,0,0
1728654,109869,-87,10.0,7.0,Active,21,0
2248782,171632,-17,11.0,0.0,Completed,0,0
1450131,428420,-96,10.0,3.0,Active,0,0
1591846,198913,-7,42.0,14.0,Active,0,0
2821985,409418,-14,4.0,0.0,Completed,0,0
2318794,196371,-77,24.0,12.0,Active,0,0
1974881,303772,-18,12.0,4.0,Active,0,0
1679343,327907,-39,36.0,34.0,Active,0,0
2713958,311202,-8,24.0,12.0,Active,0,0
1749835,160108,-58,12.0,1.0,Active,0,0
2053848,133326,-81,10.0,1.0,Active,0,0
2461943,123983,-17,12.0,3.0,Active,0,0
2748682,208578,-45,12.0,7.0,Active,0,0
2090279,146648,-2,42.0,26.0,Active,0,0
1206382,380789,-2,18.0,8.0,Active,0,0
2447718,247811,-75,10.0,10.0,Active,0,0
1903269,328106,-12,60.0,59.0,Active,0,0
2206009,215170,-71,11.0,9.0,Active,0,0
1849962,412604,-52,24.0,24.0,Active,0,0
1006098,365412,-20,12.0,8.0,Active,0,0
2589118,308592,-50,12.0,5.0,Active,0,0
1777248,203419,-26,18.0,16.0,Active,0,0
2283704,358749,-26,18.0,2.0,Active,0,0
1132079,324083,-67,8.0,7.0,Active,0,0
1987300,277297,-67,10.0,10.0,Active,0,0
2762342,196752,-27,18.0,18.0,Active,0,0
1284927,122243,-52,6.0,3.0,Active,0,0
2642903,165826,-33,36.0,14.0,Active,0,0
1686366,295435,-78,9.0,3.0,Active,0,0
2597541,365179,-77,6.0,5.0,Active,0,0
1255047,310794,-4,12.0,2.0,Active,0,0
1887109,422158,-37,18.0,6.0,Active,0,0
2228731,401302,-29,10.0,9.0,Active,0,0
1593335,138660,-73,9.0,5.0,Active,0,0
1041716,113176,-21,12.0,9.0,Active,0,0
1383960,202461,-4,18.0,14.0,Active,0,0
1667393,290446,-54,8.0,5.0,Active,0,0
1938065,120701,-19,12.0,8.0,Active,0,0
2421469,309723,-15,12.0,0.0,Completed,0,0
2210981,236373,-23,42.0,39.0,Active,0,0
2446328,404735,-35,42.0,30.0,Active,0,0
1130936,156745,-40,6.0,3.0,Active,0,0
1736772,428914,-25,8.0,0.0,Completed,0,0
1285781,357062,-24,4.0,4.0,Active,0,0
2621690,354346,-43,24.0,18.0,Active,0,0
2586165,205457,-5,24.0,11.0,Active,0,0
2191713,171952,-11,12.0,8.0,Active,0,0
1236661,249744,-5,3.0,0.0,Completed,0,0
2133263,108372,-5,12.0,9.0,Active,0,0
1672913,173923,-91,10.0,9.0,Active,0,0
2055546,271801,-38,24.0,13.0,Active,0,0
1000019,176905,-74,12.0,9.0,Active,0,0
1800478,241427,-4,60.0,55.0,Active,0,0
1283027,307030,-9,10.0,10.0,Active,0,0
2128518,251157,-49,12.0,1.0,Active,0,0
1230351,210662,-8,12.0,0.0,Completed,0,0
1004185,277002,-42,10.0,3.0,Active,0,0
1630168,231468,-38,12.0,5.0,Active,0,0
1100404,363298,-8,30.0,13.0,Active,0,0
1012642,305850,-91,12.0,7.0,Active,0,0
1811962,175498,-32,18.0,18.0,Active,0,0
1825709,240317,-17,10.0,4.0,Active,0,0
1016982,145988,-42,18.0,17.0,Active,0,0
2174172,198047,-75,6.0,4.0,Active,0,0
2610065,239040,-46,18.0,14.0,Active,0,0
2295555,284277,-6,24.0,7.0,Active,0,0
2446426,131198,-23,1.0,0.0,Completed,0,0
2568250,233411,-2,18.0,4.0,Active,0,0
2683634,206464,-27,12.0,0.0,Completed,0,0
1132616,247787,-88,7.0,4.0,Active,0,0
1177017,260234,-47,12.0,2.0,Active,0,0
2397081,110201,-43,7.0,0.0,Completed,0,0
2447766,428673,-15,12.0,8.0,Active,0,0
1774545,422212,-71,12.0,11.0,Active,0,0
1550991,144479,-73,10.0,7.0,Active,0,0
1034953,283687,-60,10.0,5.0,Active,0,0
2200542,127358,-11,6.0,0.0,Completed,0,0
2749596,416801,-65,9.0,5.0,Active,0,0
2354712,237068,-6,30.0,21.0,Active,0,0
1423808,122176,-77,20.0,9.0,Active,0,0
1570481,153662,-5,12.0,8.0,Active,0,0
1509393,190891,-8,12.0,2.0,Active,0,0
1794739,157656,-84,24.0,18.0,Active,0,0
1141747,259860,-6,12.0,7.0,Active,0,0
2242140,177227,-5,42.0,12.0,Active,0,0
1893781,321200,-11,24.0,5.0,Active,0,0
1624881,315596,-12,30.0,29.0,Active,0,0
1711798,140134,-53,10.0,0.0,Completed,0,0
1665680,141267,-82,12.0,0.0,Completed,0,0
1381011,238024,-12,12.0,11.0,Active,0,0
1522885,214776,-51,18.0,3.0,Active,0,0
1487308,259297,-75,12.0,11.0,Active,0,0
2804866,380916,-43,48.0,44.0,Active,0,0
2272361,318062,-17,10.0,4.0,Active,0,0
1910196,315833,-44,6.0,6.0,Active,0,0
1839957,449633,-8,,,Signed,0,0
1078033,147687,-10,18.0,10.0,Active,0,0
1013019,177177,-49,15.0,1.0,Active,0,0
1409368,272105,-28,6.0,6.0,Active,0,0
1110946,184721,-27,18.0,7.0,Active,0,0
2283980,279474,-27,36.0,36.0,Active,0,0
1906419,390482,-68,6.0,5.0,Active,0,0
1643962,334573,-41,36.0,34.0,Active,0,0
2533474,365918,-52,10.0,0.0,Active,0,0
1656232,277756,-29,12.0,7.0,Active,0,0
1973295,383242,-93,10.0,8.0,Active,0,0
1306596,118867,-24,6.0,5.0,Active,0,0
1439716,435530,-10,12.0,6.0,Active,0,0
1414029,144811,-25,6.0,3.0,Active,0,0
1132194,245481,-43,24.0,21.0,Active,0,0
1169032,204736,-21,12.0,4.0,Active,0,0
1532499,132046,-66,18.0,15.0,Active,0,0
1025049,152813,-77,10.0,10.0,Active,0,0
1005691,160010,-29,24.0,18.0,Active,0,0
2238773,344096,-24,18.0,8.0,Active,0,0
1159723,284236,-2,18.0,13.0,Active,0,0
1964174,272541,-30,30.0,29.0,Active,0,0
1710976,137692,-12,11.0,7.0,Active,0,0
1248963,319523,-48,6.0,1.0,Active,4,4
1004128,186516,-16,6.0,4.0,Active,0,0
1077493,349443,-18,6.0,5.0,Active,0,0
2780517,455412,-52,6.0,6.0,Active,0,0
2010938,314025,-52,24.0,8.0,Active,0,0
1448227,354687,-14,36.0,31.0,Active,0,0
1620094,394793,-83,4.0,2.0,Active,0,0
1384232,381827,-15,6.0,2.0,Active,0,0
1121431,328721,-47,14.0,4.0,Active,0,0
1897459,292247,-16,5.0,0.0,Completed,0,0
1008068,343824,-78,6.0,0.0,Completed,0,0
1263582,152195,-37,48.0,44.0,Active,0,0
1237078,114467,-83,10.0,0.0,Completed,0,0
1919760,153738,-11,10.0,2.0,Active,0,0
1365273,172208,-92,7.0,0.0,Completed,0,0
2087730,319605,-54,12.0,12.0,Signed,0,0
1060910,294240,-53,5.0,5.0,Active,0,0
1255044,109778,-11,48.0,40.0,Active,0,0
2224669,221377,-3,12.0,3.0,Active,0,0
1337077,274922,-34,24.0,23.0,Active,0,0
2333043,405816,-51,6.0,5.0,Active,0,0
1067685,437918,-31,10.0,5.0,Active,0,0
2802935,340397,-46,6.0,1.0,Active,0,0
1261355,414674,-13,36.0,24.0,Active,0,0
1310305,427585,-76,6.0,2.0,Active,0,0
1251992,400024,-78,12.0,10.0,Active,0,0
2283991,357806,-33,24.0,23.0,Active,0,0
2317619,441718,-54,8.0,8.0,Active,0,0
1058662,326232,-80,6.0,4.0,Active,0,0
1430065,171774,-5,12.0,12.0,Active,0,0
2581939,192490,-49,48.0,41.0,Active,0,0
2408900,353999,-36,12.0,9.0,Active,0,0
2561854,295990,-72,16.0,7.0,Active,0,0
2345071,148891,-64,10.0,1.0,Active,0,0
1520441,417894,-71,10.0,8.0,Active,0,0
2167215,335392,-12,48.0,46.0,Active,0,0
2596442,160727,-48,24.0,0.0,Active,0,0
1086133,156088,-36,18.0,18.0,Active,0,0
2396879,320019,-33,12.0,12.0,Active,0,0
1181503,166773,-4,12.0,3.0,Active,0,0
1538694,362659,-70,10.0,0.0,Completed,0,0
1131709,123465,-65,6.0,2.0,Active,0,0
2714400,132125,-39,12.0,9.0,Active,0,0
1989924,449112,-55,12.0,0.0,Completed,0,0
2333441,417695,-14,24.0,23.0,Active,0,0
1347729,272596,-73,10.0,4.0,Active,0,0
2600132,194321,-14,10.0,8.0,Active,0,0
2253026,389113,-12,18.0,1.0,Active,0,0
1280145,205685,-29,24.0,5.0,Active,0,0
1652582,415713,-7,12.0,12.0,Active,0,0
1787189,199660,-43,16.0,0.0,Completed,0,0
2484281,190718,-16,24.0,24.0,Active,0,0
1130392,360412,-17,12.0,8.0,Active,0,0
1092490,143317,-21,12.0,3.0,Active,0,0
1730538,373692,-8,12.0,8.0,Active,0,0
1059297,335418,-80,12.0,7.0,Active,0,0
2622034,173645,-10,36.0,22.0,Active,0,0
1903603,334451,-36,5.0,5.0,Active,0,0
1488637,180247,-3,24.0,11.0,Active,0,0
2190730,283087,-92,20.0,13.0,Active,0,0
2119814,292694,-24,12.0,8.0,Active,0,0
2579809,260973,-40,18.0,6.0,Active,0,0
2672346,394034,-31,7.0,0.0,Completed,0,0
2134047,326851,-81,4.0,3.0,Active,0,0
2029603,294748,-43,10.0,3.0,Active,0,0
2535906,380371,-62,6.0,4.0,Active,0,0
2014657,452390,-21,36.0,23.0,Active,0,0
2304247,319884,-13,24.0,16.0,Active,0,0
2594249,220427,-26,2.0,0.0,Completed,0,0
2102489,155658,-38,24.0,21.0,Active,0,0
2487618,225062,-28,12.0,10.0,Active,0,0
2306110,337715,-30,4.0,0.0,Active,0,0
2709275,145839,-61,10.0,1.0,Active,0,0
2030252,166918,-5,6.0,3.0,Active,0,0
1693579,174867,-12,18.0,8.0,Active,0,0
2597046,444506,-87,10.0,1.0,Active,0,0
2156741,102982,-38,10.0,1.0,Active,0,0
2759827,321489,-54,48.0,24.0,Active,0,0
1746302,105973,-27,8.0,3.0,Active,0,0
2770014,140967,-13,36.0,28.0,Active,0,0
2463349,229673,-91,10.0,7.0,Active,0,0
2039114,441037,-36,12.0,11.0,Active,0,0
1622092,353619,-28,12.0,0.0,Completed,0,0
1999034,303792,-21,42.0,42.0,Active,0,0
1776658,167524,-7,36.0,17.0,Active,0,0
1980859,297321,-45,8.0,5.0,Active,0,0
2374008,142019,-19,6.0,3.0,Active,0,0
1087249,376102,-13,12.0,12.0,Active,0,0
2546454,340232,-33,10.0,0.0,Completed,0,0
1955535,237670,-71,10.0,10.0,Active,0,0
1785370,378061,-81,11.0,5.0,Active,0,0
1258955,235093,-12,10.0,5.0,Active,0,0
1377879,346448,-37,12.0,10.0,Active,0,0
1006343,156240,-16,24.0,6.0,Active,0,0
2259304,351324,-46,10.0,6.0,Active,0,0
1239624,422314,-81,10.0,4.0,Active,6,0
2113211,118687,-15,24.0,3.0,Active,0,0
2228898,227429,-47,10.0,7.0,Active,0,0
2479880,320311,-4,12.0,8.0,Active,0,0
2526096,403376,-22,12.0,0.0,Completed,1585,0
1900523,368443,-4,18.0,9.0,Active,0,0
2702192,156893,-8,24.0,6.0,Active,0,0
1417107,427835,-15,10.0,2.0,Active,0,0
1605285,309021,-36,10.0,5.0,Active,0,0
1373518,395038,-37,12.0,2.0,Active,0,0
1516934,361555,-46,12.0,10.0,Active,0,0
2813733,319250,-35,10.0,7.0,Active,0,0
2517552,114804,-76,11.0,1.0,Active,0,0
1865625,367061,-14,12.0,4.0,Active,0,0
2111105,112134,-36,24.0,23.0,Active,0,0
2303917,296580,-74,24.0,15.0,Active,1,1
2260747,418178,-28,42.0,34.0,Active,0,0
2621925,138783,-52,12.0,1.0,Active,0,0
1974160,343669,-42,10.0,6.0,Active,0,0
1508928,453163,-56,12.0,7.0,Active,0,0
1889803,100384,-85,9.0,5.0,Active,19,19
2564612,229967,-39,10.0,4.0,Active,0,0
1055316,338284,-74,24.0,12.0,Active,0,0
1198459,164781,-64,12.0,2.0,Active,0,0
2235388,384069,-16,11.0,8.0,Active,0,0
2782128,201946,-18,12.0,11.0,Active,0,0
1347104,216547,-9,48.0,30.0,Active,0,0
1431063,147151,-61,7.0,6.0,Active,0,0
1420806,249536,-82,18.0,0.0,Completed,0,0
1473585,333202,-34,30.0,25.0,Active,0,0
2262226,288762,-36,10.0,0.0,Completed,0,0
1941241,193676,-80,10.0,3.0,Active,0,0
2669616,298430,-46,18.0,10.0,Active,0,0
1496480,427231,-43,24.0,20.0,Active,0,0
2762012,295527,-78,10.0,10.0,Active,0,0
1711235,360215,-28,6.0,6.0,Active,0,0
2437105,210066,-6,42.0,8.0,Active,0,0
2117123,316391,-16,12.0,6.0,Active,0,0
2768237,372060,-61,8.0,7.0,Active,0,0
1643782,168591,-18,6.0,0.0,Active,0,0
1959546,186177,-12,24.0,19.0,Active,0,0
2715227,422297,-40,6.0,4.0,Active,0,0
2608732,243657,-11,60.0,42.0,Active,0,0
2633762,409384,-70,6.0,5.0,Active,0,0
2360667,175919,-52,6.0,5.0,Active,0,0
2805778,435989,-14,24.0,17.0,Active,0,0
1257002,425877,-2,24.0,19.0,Active,0,0
1034980,362176,-84,20.0,8.0,Active,0,0
1307144,355032,-3,24.0,11.0,Active,0,0
1424175,131465,-11,36.0,17.0,Active,0,0
1800570,355505,-72,12.0,9.0,Active,0,0
1480172,454984,-74,4.0,3.0,Active,0,0
1449814,212250,-28,12.0,10.0,Active,0,0
1446766,133098,-31,12.0,7.0,Active,0,0
1171204,152119,-14,12.0,9.0,Active,0,0
2319738,422572,-51,10.0,0.0,Completed,0,0
2822288,396164,-70,8.0,0.0,Active,0,0
2173839,100585,-32,48.0,43.0,Active,0,0
2227060,154038,-55,6.0,0.0,Completed,0,0
2730296,161366,-89,8.0,0.0,Active,0,0
1213791,307151,-6,24.0,15.0,Active,0,0
1377269,428214,-37,12.0,12.0,Signed,0,0
1570715,272002,-13,24.0,6.0,Active,0,0
1412004,162231,-53,12.0,1.0,Active,0,0
2438683,314438,-11,6.0,5.0,Active,0,0
2277677,256435,-57,12.0,9.0,Active,0,0
2682053,399916,-55,6.0,0.0,Completed,0,0
2082314,179734,-12,10.0,10.0,Active,0,0
1560807,196800,-75,10.0,4.0,Active,0,0
2585603,382821,-24,36.0,20.0,Active,0,0
1738686,354872,-15,24.0,24.0,Active,0,0
2672217,313884,-21,6.0,0.0,Completed,0,0
2155281,442080,-3,18.0,5.0,Active,0,0
2492782,298455,-19,30.0,27.0,Active,0,0
1231498,167761,-88,6.0,6.0,Active,0,0
2547385,175384,-6,1.0,0.0,Completed,0,0
1411024,421609,-25,18.0,12.0,Active,0,0
2632484,211590,-24,24.0,22.0,Active,0,0
1210966,418411,-19,24.0,23.0,Active,0,0
2754849,112352,-17,9.0,0.0,Active,0,0
2057916,210515,-14,18.0,17.0,Active,0,0
1060451,162515,-27,36.0,26.0,Active,0,0
2227661,189239,-3,60.0,54.0,Active,0,0
2404135,204010,-20,12.0,8.0,Active,0,0
2508184,294666,-6,12.0,10.0,Active,0,0
1864865,265756,-3,12.0,1.0,Active,0,0
2220642,310654,-8,18.0,9.0,Active,0,0
1915683,285749,-68,12.0,5.0,Active,0,0
1259049,312273,-36,6.0,1.0,Active,0,0
2424884,407934,-38,60.0,47.0,Active,0,0
1449095,417668,-15,6.0,5.0,Active,0,0
1467354,338428,-65,12.0,4.0,Active,0,0
1575949,263480,-86,12.0,8.0,Active,0,0
1852748,310090,-23,30.0,22.0,Active,0,0
2310586,251915,-9,10.0,4.0,Active,0,0
1088282,340238,-10,12.0,12.0,Active,0,0
1911223,163042,-29,10.0,7.0,Active,0,0
1570579,450663,-35,10.0,5.0,Active,0,0
1160379,445497,-2,24.0,20.0,Active,0,0
1849263,379317,-57,6.0,0.0,Completed,0,0
1370197,423665,-4,24.0,17.0,Active,0,0
2439610,226107,-93,10.0,3.0,Active,0,0
1540785,119619,-53,12.0,2.0,Active,0,0
1395435,369393,-47,12.0,5.0,Active,0,0
2731360,220619,-23,24.0,22.0,Active,0,0
2060158,112869,-49,7.0,6.0,Active,0,0
2000663,259361,-12,24.0,20.0,Active,0,0
1776261,166107,-93,22.0,22.0,Active,0,0
1383462,182414,-21,24.0,1.0,Active,0,0
2283485,418086,-20,36.0,35.0,Active,0,0
2835623,302254,-87,10.0,10.0,Active,0,0
2474836,388718,-5,6.0,2.0,Active,0,0
1532937,396158,-68,6.0,4.0,Active,0,0
1004513,273175,-54,12.0,6.0,Active,0,0
2208702,430459,-20,36.0,21.0,Active,0,0
1009531,439696,-22,6.0,5.0,Active,0,0
2048829,324385,-8,12.0,10.0,Active,0,0
1666246,282469,-38,42.0,41.0,Active,0,0
2249191,354598,-50,12.0,11.0,Active,0,0
2345636,432001,-35,6.0,0.0,Completed,0,0
2718697,371201,-76,8.0,1.0,Active,10,0
1798177,116284,-21,36.0,14.0,Active,0,0
2183955,225422,-11,12.0,9.0,Active,0,0
2693598,308732,-14,12.0,12.0,Active,0,0
1043015,290479,-27,12.0,5.0,Active,0,0
1105647,405036,-65,8.0,3.0,Active,0,0
1029648,117739,-9,24.0,18.0,Active,0,0
2110155,204184,-17,10.0,2.0,Active,0,0
2049847,439377,-74,6.0,0.0,Completed,0,0
2658951,323908,-20,12.0,8.0,Active,0,0
1396424,300205,-52,12.0,12.0,Signed,0,0
1295985,327766,-21,24.0,13.0,Active,0,0
2646600,368018,-70,12.0,10.0,Active,0,0
2243464,100050,-13,24.0,21.0,Active,0,0
1365042,419154,-8,24.0,8.0,Active,0,0
2569992,417331,-61,6.0,0.0,Active,519,0
2518634,220446,-7,12.0,9.0,Active,0,0
2082319,271447,-25,24.0,12.0,Active,0,0
1037554,419891,-52,12.0,8.0,Active,0,0
1289046,139419,-30,18.0,1.0,Active,0,0
1981125,396788,-7,10.0,5.0,Active,0,0
2728395,245324,-12,12.0,9.0,Active,0,0
1237927,440631,-25,12.0,11.0,Active,0,0
2216578,170363,-23,12.0,12.0,Active,0,0
1267006,283333,-27,12.0,3.0,Active,0,0
2707103,210381,-12,12.0,0.0,Completed,0,0
2607827,282623,-82,10.0,3.0,Active,0,0
1818716,170748,-91,8.0,0.0,Completed,0,0
2583410,281174,-5,60.0,58.0,Active,0,0
2077415,196230,-39,24.0,18.0,Active,0,0
2247013,264196,-27,12.0,6.0,Active,0,0
1186070,160021,-86,4.0,4.0,Active,0,0
2409912,327910,-82,12.0,2.0,Active,1,1
1591087,300465,-43,6.0,3.0,Active,0,0
1515657,316967,-1,18.0,0.0,Completed,0,0
1412255,412727,-93,24.0,24.0,Active,0,0
1804313,215177,-4,24.0,7.0,Active,0,0
2258855,170684,-21,24.0,12.0,Active,0,0
1324157,376524,-6,10.0,8.0,Active,0,0
2160887,222695,-8,10.0,3.0,Active,0,0
2208216,280810,-2,8.0,0.0,Completed,0,0
2190186,130529,-90,12.0,11.0,Active,0,0
1384014,425409,-32,24.0,4.0,Active,0,0
1959195,105722,-28,42.0,38.0,Active,0,0
1243706,413822,-19,12.0,8.0,Active,0,0
2411165,260622,-72,6.0,5.0,Active,0,0
2598304,430084,-21,12.0,9.0,Active,0,0
2538705,128617,-69,12.0,0.0,Active,0,0
2664349,276806,-4,12.0,3.0,Active,0,0
1950057,111673,-31,10.0,6.0,Active,0,0
2291432,416869,-12,60.0,57.0,Active,0,0
1667841,153380,-11,24.0,23.0,Active,0,0
2556977,124526,-11,12.0,3.0,Active,0,0
2800245,148136,-67,12.0,11.0,Active,0,0
2394064,142266,-18,12.0,7.0,Active,0,0
1412147,270953,-72,10.0,6.0,Active,0,0
1459608,408422,-19,6.0,6.0,Active,0,0
2211199,160570,-21,36.0,31.0,Active,0,0
2138602,292126,-34,12.0,5.0,Active,0,0
1287424,401640,-31,24.0,19.0,Active,0,0
2225263,159819,-7,6.0,0.0,Completed,0,0
1437779,212650,-22,48.0,24.0,Active,2,2
2023565,297398,-17,24.0,19.0,Active,0,0
1234762,209751,-29,24.0,10.0,Active,23,23
1003553,321931,-14,6.0,2.0,Active,0,0
2030433,180107,-1,18.0,4.0,Active,0,0
1545293,139295,-29,7.0,0.0,Completed,0,0
1131555,291858,-62,5.0,1.0,Active,0,0
1367525,318527,-9,49.0,34.0,Active,0,0
1221368,146981,-23,24.0,5.0,Active,0,0
1205604,170994,-70,12.0,7.0,Active,0,0
1256395,302542,-90,6.0,5.0,Active,0,0
1547358,334868,-55,24.0,21.0,Active,0,0
2395391,190157,-36,18.0,17.0,Active,0,0
1459839,268475,-48,10.0,8.0,Active,0,0
1824409,436709,-34,18.0,14.0,Active,0,0
1720460,136899,-10,24.0,24.0,Active,0,0
1810420,162858,-20,18.0,14.0,Active,0,0
1460407,422449,-77,10.0,7.0,Active,0,0
1481684,349613,-23,12.0,2.0,Active,0,0
2391744,448092,-3,18.0,5.0,Active,0,0
2703891,364451,-12,10.0,9.0,Active,0,0
2797508,147206,-31,12.0,11.0,Active,0,0
2789552,352332,-16,24.0,12.0,Active,0,0
1127800,172835,-5,12.0,8.0,Active,0,0
2505214,194134,-71,10.0,9.0,Active,0,0
2741176,153373,-39,12.0,11.0,Active,0,0
2083627,419860,-25,30.0,26.0,Active,0,0
2730337,255792,-1,24.0,17.0,Active,0,0
2070026,152126,-12,48.0,47.0,Active,0,0
2288043,248571,-35,8.0,8.0,Active,0,0
1887867,150840,-58,11.0,3.0,Active,0,0
1208958,222999,-16,60.0,43.0,Active,0,0
1984512,391010,-66,7.0,1.0,Active,0,0
1806037,338375,-41,24.0,13.0,Active,0,0
1660039,341530,-6,24.0,8.0,Active,0,0
2726075,456079,-17,24.0,20.0,Active,0,0
2691231,444481,-11,24.0,21.0,Active,0,0
2332808,352677,-62,12.0,0.0,Active,0,0
1843216,263000,-16,30.0,29.0,Active,0,0
1183904,246946,-83,10.0,10.0,Active,0,0
1109342,424534,-30,24.0,19.0,Active,0,0
1719049,350389,-19,12.0,11.0,Active,0,0
1626252,265523,-37,30.0,23.0,Active,0,0
2198659,391312,-62,6.0,0.0,Active,4,4
2647506,179966,-12,36.0,5.0,Active,0,0
1102057,166593,-44,12.0,7.0,Active,0,0
1382704,439622,-79,10.0,5.0,Active,0,0
1848396,199577,-10,18.0,16.0,Active,0,0
2728109,192725,-32,6.0,0.0,Completed,0,0
1556271,432396,-81,6.0,6.0,Active,0,0
2007284,344904,-36,12.0,6.0,Active,0,0
2211419,136114,-26,18.0,17.0,Active,0,0
1025178,223682,-2,60.0,50.0,Active,0,0
1339136,101352,-50,24.0,24.0,Active,0,0
1201361,249561,-3,60.0,53.0,Active,0,0
1259746,331750,-4,6.0,0.0,Active,0,0
2503035,253844,-21,24.0,21.0,Active,0,0
2742283,343183,-78,24.0,23.0,Active,0,0
1954295,328545,-31,10.0,8.0,Active,0,0
1412994,174477,-6,36.0,6.0,Active,0,0
2662676,195076,-6,10.0,4.0,Active,0,0
1233298,164380,-27,12.0,10.0,Active,0,0
1800572,271513,-51,10.0,2.0,Active,0,0
2362093,437531,-77,5.0,2.0,Active,0,0
1516852,229602,-5,6.0,0.0,Active,0,0
1366852,309785,-58,10.0,6.0,Active,0,0
1692591,183368,-21,12.0,8.0,Active,0,0
1486582,423761,-24,6.0,2.0,Active,0,0
1931473,153778,-33,12.0,9.0,Active,0,0
2362803,203908,-81,9.0,3.0,Active,0,0
1871435,224016,-12,24.0,8.0,Active,0,0
1766912,381540,-1,6.0,1.0,Active,0,0
2445263,281688,-8,18.0,6.0,Active,0,0
1520807,116305,-8,12.0,12.0,Active,0,0
2559277,323582,-5,42.0,19.0,Active,0,0
1618048,185932,-21,36.0,33.0,Active,0,0
2068000,230947,-3,6.0,0.0,Completed,0,0
1620247,243100,-31,24.0,17.0,Active,0,0
1256269,113150,-48,18.0,18.0,Signed,0,0
1364677,392407,-25,36.0,29.0,Active,0,0
1551135,381743,-31,12.0,12.0,Signed,0,0
1542631,327832,-71,12.0,7.0,Active,0,0
1945746,153223,-10,17.0,0.0,Completed,0,0
1147159,267286,-36,18.0,2.0,Active,0,0
2691456,114262,-27,18.0,9.0,Active,0,0
1456291,403523,-61,11.0,3.0,Active,0,0
2331211,119314,-84,18.0,6.0,Active,0,0
1007676,288810,-14,48.0,26.0,Active,0,0
1958422,348358,-22,12.0,9.0,Active,0,0
1020766,395793,-25,24.0,20.0,Active,0,0
1381280,319421,-20,36.0,36.0,Active,0,0
1343962,267898,-88,9.0,2.0,Active,0,0
1033611,209962,-70,12.0,6.0,Active,0,0
2516597,132013,-8,36.0,27.0,Active,0,0
1572254,217271,-18,24.0,6.0,Active,10,10
2292318,350266,-18,36.0,35.0,Active,0,0
1756617,264561,-53,10.0,1.0,Active,0,0
2189544,447703,-8,24.0,18.0,Active,0,0
1112734,455595,-5,24.0,7.0,Active,0,0
2627789,228131,-17,12.0,10.0,Active,0,0
1007133,198640,-8,36.0,27.0,Active,0,0
2556303,109609,-8,24.0,23.0,Active,0,0
1276743,285452,-14,48.0,47.0,Active,0,0
1880728,232030,-7,18.0,1.0,Active,0,0
1006489,289800,-11,6.0,5.0,Active,0,0
1532924,320818,-76,12.0,6.0,Active,0,0
1815208,104925,-23,12.0,0.0,Active,0,0
1258673,188332,-29,6.0,0.0,Active,1158,0
1574138,181733,-6,60.0,58.0,Active,0,0
1176273,298036,-14,12.0,9.0,Active,0,0
1157757,198924,-9,24.0,23.0,Active,0,0
1899483,128444,-13,6.0,0.0,Completed,0,0
2518191,328147,-7,12.0,12.0,Active,0,0
1812023,329583,-31,12.0,10.0,Active,0,0
2825226,112869,-53,24.0,0.0,Completed,0,0
1660697,145817,-73,18.0,12.0,Active,0,0
1434483,342089,-25,24.0,11.0,Active,0,0
1716192,339561,-90,9.0,0.0,Active,0,0
2727110,106533,-13,18.0,18.0,Active,0,0
2816625,233576,-14,12.0,10.0,Active,0,0
2408168,156727,-25,18.0,14.0,Active,7,7
1976846,142182,-21,10.0,8.0,Active,0,0
2011228,206974,-20,24.0,13.0,Active,0,0
1772430,105965,-24,24.0,15.0,Active,0,0
1593015,112770,-73,12.0,4.0,Active,0,0
2252829,448763,-12,12.0,4.0,Active,0,0
1474120,117021,-82,12.0,11.0,Active,0,0
1027954,237554,-74,6.0,4.0,Active,0,0
1585268,286243,-91,7.0,3.0,Active,0,0
2383606,229341,-38,12.0,12.0,Active,0,0
2458537,430945,-3,6.0,1.0,Active,0,0
2533409,281843,-22,2.0,0.0,Completed,0,0
2593333,218446,-28,8.0,5.0,Active,0,0
1378126,413055,-25,42.0,26.0,Active,0,0
1593491,177633,-20,48.0,48.0,Active,0,0
2773873,242362,-29,12.0,10.0,Active,0,0
1111649,297972,-38,18.0,14.0,Active,0,0
1354777,181258,-4,30.0,7.0,Active,0,0
2305432,379737,-7,8.0,0.0,Completed,0,0
1508924,438101,-49,24.0,15.0,Active,0,0
2562119,233290,-9,12.0,9.0,Active,0,0
1868732,298370,-38,10.0,8.0,Active,0,0
2101345,101049,-10,12.0,12.0,Active,0,0
1244329,317169,-27,18.0,0.0,Completed,0,0
2070250,417006,-95,10.0,8.0,Active,0,0
1905189,414729,-25,12.0,4.0,Active,0,0
1285770,413979,-18,6.0,5.0,Active,0,0
1163615,152919,-19,12.0,6.0,Active,0,0
1221374,214532,-37,24.0,23.0,Active,0,0
2823310,154457,-12,24.0,12.0,Active,0,0
1013138,342359,-40,18.0,7.0,Active,0,0
1518131,198361,-78,5.0,0.0,Active,0,0
1395281,283473,-27,36.0,28.0,Active,0,0
1789362,140850,-4,26.0,0.0,Completed,0,0
1054967,381201,-24,48.0,31.0,Active,0,0
2377269,371235,-13,6.0,1.0,Active,0,0
2270139,301584,-20,24.0,23.0,Active,0,0
2106735,149701,-30,12.0,12.0,Active,0,0
1261761,345045,-15,24.0,15.0,Active,0,0
2522456,210278,-25,6.0,1.0,Active,0,0
1010285,163870,-60,24.0,9.0,Active,0,0
2107580,271923,-32,18.0,2.0,Active,0,0
1191928,225538,-40,10.0,0.0,Active,0,0
2144879,108465,-11,12.0,9.0,Active,0,0
2561921,207188,-16,36.0,30.0,Active,0,0
2016767,184315,-68,36.0,23.0,Active,0,0
1244177,103364,-28,30.0,18.0,Active,0,0
1919317,207963,-79,5.0,4.0,Active,0,0
2491696,338039,-64,9.0,9.0,Active,0,0
1326320,337953,-13,12.0,12.0,Active,0,0
1308096,128086,-27,18.0,17.0,Active,0,0
2572531,345554,-19,18.0,17.0,Active,0,0
2051675,270027,-45,10.0,3.0,Active,0,0
1302740,103639,-14,24.0,12.0,Active,0,0
1030180,166585,-40,6.0,0.0,Completed,0,0
2714257,228132,-39,6.0,0.0,Completed,0,0
2245990,454955,-26,24.0,2.0,Active,0,0
2784982,329130,-39,24.0,21.0,Active,0,0
2517763,219630,-22,12.0,12.0,Active,0,0
1896280,313772,-14,10.0,8.0,Active,0,0
1284149,133517,-14,10.0,5.0,Active,0,0
1832398,217114,-6,36.0,8.0,Active,0,0
1449619,368344,-29,6.0,3.0,Active,0,0
2597645,141145,-70,24.0,8.0,Active,0,0
2333284,273189,-88,5.0,2.0,Active,0,0
2632999,434851,-36,18.0,9.0,Active,0,0
1434976,306548,-13,12.0,5.0,Active,0,0
2804141,311875,-91,10.0,1.0,Active,0,0
1420386,315519,-12,24.0,6.0,Active,0,0
2291370,311201,-17,18.0,5.0,Active,0,0
1852933,297088,-11,12.0,5.0,Active,0,0
1158831,360112,-7,12.0,6.0,Active,0,0
1238596,142328,-51,36.0,34.0,Active,0,0
1811563,274921,-47,10.0,7.0,Active,0,0
1050223,245960,-18,36.0,28.0,Active,0,0
2291904,107545,-34,18.0,12.0,Active,0,0
1766171,291156,-18,6.0,5.0,Active,0,0
2721484,132886,-43,24.0,13.0,Active,0,0
1312697,315198,-21,24.0,9.0,Active,0,0
2472089,370562,-9,5.0,0.0,Completed,0,0
1452832,291054,-38,36.0,36.0,Signed,0,0
2408410,162110,-53,13.0,0.0,Active,0,0
2675890,246694,-59,9.0,6.0,Active,0,0
2647653,409472,-86,6.0,5.0,Active,0,0
1340197,372286,-40,12.0,8.0,Active,0,0
1891085,256230,-89,9.0,4.0,Active,0,0
1724268,148776,-77,8.0,4.0,Active,0,0
2074511,437610,-11,10.0,8.0,Active,0,0
2411942,343051,-59,9.0,5.0,Active,0,0
1619978,452720,-56,12.0,8.0,Active,0,0
2378862,393668,-66,18.0,15.0,Active,0,0
2154788,273436,-64,10.0,8.0,Active,0,0
2496700,136698,-48,10.0,5.0,Active,0,0
2320356,391765,-21,60.0,47.0,Active,0,0
1162338,166304,-46,18.0,15.0,Active,0,0
1715512,230101,-50,12.0,6.0,Active,0,0
1695032,359857,-4,6.0,6.0,Active,0,0
1611011,137171,-7,10.0,0.0,Completed,0,0
2374392,308379,-46,10.0,2.0,Active,0,0
1170450,142079,-5,6.0,2.0,Active,0,0
1486149,115522,-21,12.0,12.0,Active,0,0
2200127,291212,-80,11.0,6.0,Active,0,0
2812259,231100,-26,36.0,33.0,Active,0,0
2261539,240263,-17,12.0,8.0,Active,0,0
1034602,169442,-20,24.0,8.0,Active,0,0
2710358,136164,-59,8.0,8.0,Active,0,0
2697077,342078,-76,6.0,2.0,Active,0,0
1260005,398364,-23,48.0,30.0,Active,0,0
1586385,425836,-1,12.0,9.0,Active,0,0
2342383,128819,-42,60.0,55.0,Active,0,0
2148120,440115,-7,60.0,40.0,Active,0,0
1970136,443513,-43,10.0,0.0,Completed,0,0
2497182,259474,-28,12.0,0.0,Active,330,0
2834004,409102,-5,12.0,9.0,Active,0,0
1799233,452275,-37,6.0,5.0,Active,0,0
1473959,294987,-2,12.0,4.0,Active,0,0
1800605,139143,-41,6.0,6.0,Active,0,0
2197900,101177,-11,36.0,32.0,Active,0,0
1518563,435877,-28,10.0,1.0,Active,0,0
1189846,435432,-45,10.0,0.0,Completed,0,0
1605375,138933,-28,6.0,2.0,Active,0,0
1596613,102117,-23,12.0,11.0,Active,0,0
1034876,307590,-13,12.0,12.0,Active,0,0
2292429,393445,-17,24.0,22.0,Active,0,0
1887247,385461,-19,36.0,34.0,Active,0,0
2239043,259820,-26,24.0,18.0,Active,0,0
2272300,335524,-10,10.0,8.0,Active,0,0
1688486,267996,-8,6.0,4.0,Active,0,0
1873180,309621,-24,18.0,8.0,Active,0,0
2528432,348950,-54,6.0,1.0,Active,0,0
2609662,420194,-93,9.0,8.0,Active,0,0
2370849,383961,-11,54.0,40.0,Active,0,0
1510110,387010,-15,4.0,4.0,Active,0,0
1290755,237619,-84,10.0,6.0,Active,0,0
1841114,257924,-25,10.0,2.0,Active,0,0
2610077,386991,-6,12.0,6.0,Active,0,0
2702651,207285,-38,10.0,2.0,Active,0,0
1660512,155492,-70,10.0,0.0,Active,510,510
2652732,171407,-64,6.0,6.0,Active,0,0
2290839,165967,-8,12.0,5.0,Active,0,0
2675179,222619,-18,12.0,4.0,Active,0,0
2427572,111451,-17,9.0,0.0,Completed,0,0
1728760,448565,-28,12.0,2.0,Active,0,0
2246594,126472,-26,8.0,3.0,Active,0,0
2032328,355789,-23,60.0,59.0,Active,0,0
1277775,446325,-25,18.0,12.0,Active,0,0
1938258,264503,-31,10.0,5.0,Active,0,0
2262977,295174,-24,12.0,10.0,Active,0,0
1499740,154985,-51,24.0,24.0,Active,0,0
1648832,440848,-26,12.0,11.0,Active,0,0
1597496,210217,-17,18.0,9.0,Active,0,0
1663886,362093,-13,24.0,21.0,Active,0,0
2424264,441791,-60,12.0,4.0,Active,0,0
2300570,173230,-15,48.0,40.0,Active,0,0
1799184,334896,-13,11.0,0.0,Completed,0,0
2683011,333344,-3,6.0,1.0,Active,0,0
2234749,201927,-29,4.0,0.0,Completed,0,0
1481785,343192,-28,36.0,36.0,Active,0,0
1082725,195052,-11,8.0,0.0,Completed,0,0
1864739,368265,-10,18.0,3.0,Active,0,0
2583330,117513,-80,24.0,18.0,Active,0,0
2369810,438832,-64,11.0,0.0,Active,24,24
2546815,365347,-40,18.0,17.0,Active,0,0
2435916,240701,-86,10.0,0.0,Active,553,0
2537189,237467,-42,24.0,23.0,Active,0,0
2659351,366560,-48,12.0,10.0,Active,0,0
1872986,240153,-30,12.0,0.0,Active,0,0
2642624,307727,-26,24.0,17.0,Active,0,0
1907008,256139,-69,8.0,5.0,Active,0,0
2203478,455892,-36,10.0,8.0,Active,0,0
1320130,190532,-5,6.0,0.0,Completed,0,0
2773352,356175,-56,12.0,3.0,Active,0,0
1068719,230281,-12,36.0,25.0,Active,0,0
1210349,117523,-57,14.0,14.0,Active,0,0
2018007,222919,-61,24.0,6.0,Active,0,0
2806243,209543,-84,6.0,5.0,Active,0,0
2317641,335756,-88,10.0,2.0,Active,0,0
2057166,192343,-49,12.0,3.0,Active,8,8
2645693,287156,-44,10.0,0.0,Active,0,0
2064767,176630,-17,36.0,36.0,Active,0,0
1213566,180724,-24,12.0,10.0,Active,0,0
1959551,323639,-46,12.0,1.0,Active,0,0
2300276,249226,-36,12.0,0.0,Completed,0,0
1854023,189357,-16,12.0,10.0,Active,0,0
1437741,323770,-21,18.0,15.0,Active,0,0
1311010,120845,-33,60.0,52.0,Active,0,0
1524676,369139,-19,36.0,36.0,Active,0,0
2049864,201315,-86,12.0,11.0,Active,0,0
1392614,119492,-87,18.0,12.0,Active,0,0
1435623,346744,-11,12.0,12.0,Active,0,0
2328856,375741,-21,24.0,16.0,Active,0,0
1107425,149414,-46,12.0,6.0,Active,0,0
2307353,257181,-21,24.0,19.0,Active,30,0
2290653,347064,-44,18.0,1.0,Active,0,0
1061099,203849,-11,17.0,8.0,Active,0,0
2101598,142186,-65,10.0,1.0,Active,0,0
1053320,321306,-25,8.0,3.0,Active,0,0
2762540,365131,-34,48.0,46.0,Active,0,0
1432053,370059,-44,12.0,12.0,Active,0,0
2017372,170603,-21,6.0,2.0,Active,0,0
1368819,308424,-6,24.0,13.0,Active,0,0
2770095,286691,-2,12.0,9.0,Active,0,0
1267322,309742,-8,24.0,18.0,Active,0,0
2613751,373424,-31,6.0,4.0,Active,0,0
2807703,380414,-36,12.0,6.0,Active,0,0
2135998,282528,-16,18.0,11.0,Active,0,0
2102299,431614,-23,12.0,7.0,Active,0,0
2396590,138852,-65,6.0,1.0,Active,0,0
1389723,334291,-31,10.0,3.0,Active,15,15
1179260,406413,-45,6.0,2.0,Active,0,0
2369995,349023,-6,12.0,9.0,Active,0,0
1739698,303229,-15,18.0,0.0,Completed,0,0
2562768,140552,-26,18.0,13.0,Active,0,0
1289377,127964,-5,19.0,16.0,Active,0,0
1794280,295568,-51,6.0,3.0,Active,0,0
1185591,245910,-96,4.0,0.0,Active,0,0
1899378,227831,-12,23.0,6.0,Active,0,0
2537000,283374,-24,12.0,10.0,Active,0,0
2714609,104023,-78,7.0,1.0,Active,8,8
1675534,149997,-1,18.0,11.0,Active,0,0
1513223,164753,-20,12.0,3.0,Active,0,0
1211686,264988,-22,36.0,26.0,Active,0,0
2058982,273723,-58,6.0,0.0,Active,1224,0
2710184,454540,-29,24.0,22.0,Active,0,0
1050432,280093,-81,6.0,5.0,Active,0,0
2629599,317806,-44,6.0,2.0,Active,0,0
2413807,178277,-31,12.0,9.0,Active,0,0
1906054,370272,-15,48.0,42.0,Active,0,0
2410805,119960,-13,6.0,4.0,Active,0,0
1697702,282496,-18,10.0,9.0,Active,0,0
2044179,183746,-60,12.0,7.0,Active,0,0
2016395,376385,-15,24.0,0.0,Completed,0,0
2260389,288142,-4,60.0,32.0,Active,0,0
1645619,374280,-16,12.0,11.0,Active,0,0
2035487,115791,-10,24.0,0.0,Active,0,0
1824510,415253,-56,4.0,0.0,Active,0,0
2633209,136762,-95,10.0,4.0,Active,0,0
2588234,310752,-12,18.0,4.0,Active,0,0
2792424,227531,-42,2.0,0.0,Active,0,0
2002300,326377,-76,10.0,9.0,Active,0,0
1698556,329001,-58,8.0,0.0,Active,0,0
1966518,370094,-31,12.0,0.0,Completed,0,0
1975567,329586,-6,24.0,14.0,Active,0,0
1333642,272700,-65,8.0,4.0,Active,0,0
1027746,433181,-42,12.0,0.0,Completed,0,0
1260096,379963,-5,30.0,18.0,Active,0,0
1589317,272581,-10,12.0,9.0,Active,0,0
2310259,203218,-23,12.0,11.0,Active,0,0
2245674,157831,-38,12.0,7.0,Active,0,0
2661526,190582,-33,6.0,6.0,Active,0,0
2459698,313785,-9,18.0,2.0,Active,0,0
1585688,154192,-29,24.0,15.0,Active,0,0
2633063,341202,-51,10.0,2.0,Active,0,0
1860819,147901,-59,5.0,5.0,Active,0,0
1292771,226900,-7,12.0,1.0,Active,0,0
1732759,216980,-75,12.0,6.0,Active,0,0
1915661,103583,-17,12.0,5.0,Active,0,0
1276593,148529,-37,60.0,47.0,Active,0,0
2342083,146824,-29,10.0,9.0,Active,0,0
1334527,397541,-46,12.0,12.0,Active,0,0
1418421,342274,-51,6.0,5.0,Active,0,0
1362483,166234,-29,24.0,0.0,Completed,0,0
1131452,103900,-85,8.0,7.0,Active,0,0
1192640,263435,-11,24.0,17.0,Active,0,0
2404878,342058,-13,6.0,0.0,Completed,0,0
2547598,145821,-2,10.0,2.0,Active,0,0
1621372,325280,-34,12.0,8.0,Active,0,0
1136738,107697,-10,10.0,2.0,Active,0,0
2287535,174082,-52,6.0,0.0,Completed,0,0
1536188,371290,-55,10.0,8.0,Active,0,0
1084401,443593,-5,24.0,6.0,Active,0,0
2271526,261577,-6,10.0,4.0,Active,0,0
2469877,296898,-4,10.0,1.0,Active,0,0
2010841,376114,-19,48.0,36.0,Active,0,0
1801940,396648,-10,18.0,18.0,Active,0,0
2584170,228958,-14,8.0,0.0,Completed,0,0
2435837,292257,-26,24.0,2.0,Active,0,0
1181116,327626,-7,18.0,11.0,Active,0,0
2012029,343548,-88,10.0,0.0,Active,0,0
1309762,404837,-66,5.0,2.0,Active,0,0
2681791,109319,-21,6.0,5.0,Active,0,0
1073741,427263,-11,12.0,8.0,Active,0,0
1316620,222105,-76,8.0,3.0,Active,0,0
2050018,285544,-19,30.0,30.0,Active,0,0
2318041,243510,-10,12.0,8.0,Active,0,0
1084687,381280,-34,24.0,15.0,Active,0,0
1931726,453360,-86,5.0,0.0,Active,0,0
2200585,177733,-25,24.0,24.0,Active,0,0
2336289,161504,-22,10.0,2.0,Active,0,0
1062012,189051,-82,24.0,8.0,Active,0,0
1245332,263556,-42,12.0,12.0,Active,0,0
1814927,205144,-4,6.0,0.0,Completed,0,0
1925491,388856,-25,36.0,22.0,Active,0,0
2589493,116051,-66,10.0,5.0,Active,0,0
1196029,145022,-5,24.0,22.0,Active,0,0
1595595,155755,-18,24.0,16.0,Active,0,0
2157684,155246,-13,48.0,35.0,Active,0,0
1052608,424245,-61,5.0,3.0,Active,0,0
1312769,273754,-52,6.0,0.0,Active,682,0
1561532,227195,-16,10.0,1.0,Active,16,0
1722957,178313,-29,9.0,0.0,Completed,0,0
1593118,103176,-88,4.0,3.0,Active,0,0
1383825,236530,-30,24.0,21.0,Active,0,0
1941657,371854,-21,30.0,11.0,Active,0,0
1600412,342947,-31,6.0,0.0,Completed,0,0
1515876,382561,-17,10.0,8.0,Active,0,0
2370159,273778,-14,12.0,5.0,Active,0,0
1870314,410285,-73,4.0,0.0,Active,0,0
1262376,101703,-30,12.0,4.0,Active,0,0
2571650,144237,-52,6.0,3.0,Active,0,0
1411421,254538,-41,12.0,4.0,Active,0,0
2322579,363249,-40,12.0,1.0,Active,0,0
2362389,445686,-2,24.0,1.0,Active,0,0
1752607,266680,-53,12.0,6.0,Active,0,0
1135971,194992,-7,36.0,14.0,Active,0,0
2115946,190833,-18,36.0,24.0,Active,0,0
2485518,438784,-4,24.0,19.0,Active,0,0
1856750,443045,-64,8.0,5.0,Active,0,0
2383046,310538,-31,18.0,18.0,Active,0,0
1205594,110203,-47,12.0,10.0,Active,0,0
1995338,212277,-10,12.0,12.0,Active,0,0
1260053,225501,-37,6.0,2.0,Active,0,0
1087740,375754,-71,12.0,12.0,Active,0,0
1729896,330107,-17,12.0,8.0,Active,0,0
1768920,383831,-84,9.0,8.0,Active,0,0
1617956,289343,-45,6.0,3.0,Active,0,0
1005272,293472,-18,9.0,0.0,Active,0,0
2164164,111314,-31,12.0,9.0,Active,0,0
2794648,393129,-12,18.0,13.0,Active,0,0
1368936,238621,-13,24.0,14.0,Active,0,0
1058769,112274,-16,42.0,42.0,Active,0,0
2190537,131276,-7,30.0,22.0,Active,0,0
1564499,158532,-83,12.0,9.0,Active,0,0
2001036,212032,-52,12.0,6.0,Active,0,0
1516093,399045,-72,12.0,2.0,Active,0,0
1076481,419175,-30,36.0,30.0,Active,0,0
2486171,336979,-19,12.0,0.0,Completed,0,0
2272697,308895,-40,36.0,31.0,Active,0,0
1372088,147239,-16,12.0,10.0,Active,0,0
2269762,431208,-35,18.0,15.0,Active,0,0
1154002,294652,-27,6.0,0.0,Completed,0,0
1750151,277797,-6,12.0,10.0,Active,0,0
2363159,431797,-36,,,Signed,0,0
1442494,402453,-26,36.0,31.0,Active,0,0
1778321,324027,-36,6.0,6.0,Active,0,0
2437624,437237,-84,4.0,1.0,Active,0,0
2645586,238095,-74,12.0,0.0,Completed,0,0
1255475,405462,-78,4.0,4.0,Active,0,0
1912466,108332,-51,4.0,0.0,Active,0,0
1182511,262735,-19,30.0,25.0,Active,0,0
1690861,233971,-50,11.0,4.0,Active,0,0
2717747,198189,-5,4.0,0.0,Active,2590,0
1550901,291363,-72,10.0,1.0,Active,0,0
1643279,201781,-28,12.0,1.0,Active,0,0
2506563,312407,-18,24.0,18.0,Active,0,0
2174747,236791,-47,12.0,0.0,Completed,0,0
1751395,143590,-5,12.0,6.0,Active,0,0
2347254,381368,-16,12.0,7.0,Active,0,0
1890410,175281,-40,10.0,4.0,Active,0,0
1305213,442042,-13,17.0,0.0,Completed,0,0
1146929,112642,-8,1.0,0.0,Active,0,0
2740762,273411,-3,24.0,14.0,Active,0,0
2238274,301769,-3,24.0,24.0,Active,0,0
2101941,365803,-76,10.0,4.0,Active,0,0
1724464,283220,-90,10.0,4.0,Active,0,0
1736743,274151,-3,12.0,0.0,Completed,0,0
1762081,345755,-46,24.0,22.0,Active,0,0
2506711,122938,-69,12.0,10.0,Active,0,0
1369854,285740,-15,24.0,19.0,Active,0,0
2603838,107082,-72,11.0,5.0,Active,0,0
1833533,398766,-15,12.0,10.0,Active,0,0
1642660,232009,-21,12.0,12.0,Active,0,0
1770713,436189,-53,12.0,0.0,Active,245,0
2703655,281144,-90,8.0,3.0,Active,0,0
1032542,449603,-20,10.0,4.0,Active,0,0
1642609,440828,-58,12.0,10.0,Active,0,0
1711114,176530,-87,10.0,5.0,Active,0,0
2660816,364086,-24,5.0,0.0,Completed,0,0
1769091,260090,-90,12.0,6.0,Active,0,0
2529120,403172,-23,24.0,24.0,Active,0,0
2631348,158286,-26,8.0,8.0,Active,0,0
1938086,419459,-50,10.0,7.0,Active,0,0
1434210,207088,-21,14.0,6.0,Active,0,0
2006204,138546,-16,30.0,21.0,Active,0,0
2553978,215066,-11,10.0,5.0,Active,0,0
1130301,312750,-16,24.0,9.0,Active,0,0
1261363,222455,-35,30.0,17.0,Active,0,0
1061240,405175,-35,24.0,9.0,Active,0,0
2768542,378140,-81,10.0,3.0,Active,0,0
2312377,346917,-40,6.0,5.0,Active,0,0
1043498,162147,-34,18.0,18.0,Active,0,0
1932307,152573,-18,6.0,0.0,Completed,0,0
1129650,241336,-40,8.0,0.0,Completed,0,0
1925379,420766,-36,8.0,0.0,Active,2172,0
1728094,317029,-59,22.0,0.0,Completed,0,0
2518261,130690,-37,12.0,1.0,Active,0,0
2571755,363253,-20,24.0,14.0,Active,0,0
2618299,423434,-40,10.0,6.0,Active,0,0
1899534,316196,-7,8.0,0.0,Completed,0,0
1584988,419923,-3,10.0,2.0,Active,0,0
1027254,142888,-13,18.0,18.0,Active,0,0
1377105,447870,-8,8.0,8.0,Active,0,0
2820212,433323,-66,23.0,14.0,Active,0,0
2495292,205534,-23,36.0,20.0,Active,0,0
2716880,299757,-13,36.0,14.0,Active,0,0
1894146,262302,-65,10.0,1.0,Active,0,0
2303548,254287,-9,12.0,6.0,Active,0,0
2594333,117367,-21,18.0,18.0,Active,0,0
1721432,412459,-7,12.0,10.0,Active,0,0
